Vendor_Dimension_Key,VendorID,VendorName,AccountNumber
2,1496,Advanced Bicycles,ADVANCED0001
4,1650,American Bicycles and Wheels,AMERICAN0001
6,1664,Anderson's Custom Bikes,ANDERSON0001
8,1616,Aurora Bike Center,AURORAB0001
10,1602,Beaumont Bikes,BEAUMONT0001
12,1628,Bicycle Specialists,BICYCLE0001
14,1690,Bloomington Multisport,BLOOMING0001
16,1698,Business Equipment Center,BUSINESS0001
18,1692,Carlson Specialties,CARLSON0001
20,1504,Chicago Rent-All,CHICAGO0002
22,1530,Comfort Road Bicycles,COMFORT0001
24,1694,"Compete, Inc.",COMPETE0002
26,1548,Consumer Cycles,CONSUMER0001
28,1658,Crowley Sport,CROWLEY0001
30,1568,"Custom Frames, Inc.",CUSTOMF0001
32,1646,Electronic Bike Repair & Supplies,ELECTRON0002
34,1600,Federal Sport,FEDERAL0001
36,1570,First Rate Bicycles,FIRSTRA0001
38,1506,Greenwood Athletic Company,GREENWOO0001
40,1542,Hill's Bicycle Service,HILLSBI0001
42,1638,Inline Accessories,INLINEA0001
44,1510,International,INTERNAT0001
46,1644,International Sport Assoc.,INTERNAT0003
48,1584,Trey Research,TREYRE0001
50,1666,Leaf River Terrain,LEAFRIV0001
52,1618,Metro Sport Equipment,METROSP0001
54,1586,Mitchell Sports,MITCHELL0001
56,1656,Mountain Works,MOUNTAIN0001
58,1562,Norstan Bike Hut,NORSTAN0001
60,1682,"Premier Sport, Inc.",PREMIER0001
62,1684,Professional Athletic Consultants,PROFESSI0001
64,1614,"Reliance Fitness, Inc.",RELIANCE0001
66,1622,Speed Corporation,SPEEDCO0001
68,1608,Sport Playground,SPORTPL0001
70,1590,SUPERSALES INC.,SUPERSAL0001
72,1498,"Trikes, Inc.",TRIKES0001
74,1652,Victory Bikes,VICTORY0001
76,1538,Vista Road Bikes,VISTARO0001
78,1554,WestAmerica Bicycle Co.,WESTAMER0001
80,1580,"Litware, Inc.",LITWARE0001
82,1494,Allenson Cycles,ALLENSON0001
84,1654,American Bikes,AMERICAN0002
86,1678,"Proseware, Inc.",PROSE0001
88,1492,Australia Bike Retailer,AUSTRALI0001
90,1540,Bergeron Off-Roads,BERGERON0001
92,1604,Bike Satellite Inc.,BIKESAT0001
94,1566,Burnett Road Warriors,BURNETT0001
96,1560,Capital Road Cycles,CAPITAL0001
98,1696,Chicago City Saddles,CHICAGO0001
100,1544,Circuit Cycles,CIRCUIT0001
102,1508,"Compete Enterprises, Inc",COMPETE0001
104,1624,Competition Bike Training Systems,COMPETIT0001
106,1598,Continental Pro Cycles,CONTINEN0001
108,1536,Cruger Bike Company,CRUGERB0001
110,1648,Wide World Importers,WIDEWOR0001
112,1672,Expert Bike Co,EXPERTB0001
114,1522,First National Sport Co.,FIRSTNA0001
116,1516,Gardner Touring Cycles,GARDNER0001
118,1626,Hill Bicycle Center,HILLBIC0001
120,1610,Hybrid Bicycle Center,HYBRIDB0001
122,1582,Inner City Bikes,INNERCI0001
124,1526,International Bicycles,INTERNAT0002
126,1680,Jackson Authority,JACKSON0001
128,1620,Lakewood Bicycle,LAKEWOOD0001
130,1592,Lindell,LINDELL0001
132,1612,"Midwest Sport, Inc.",MIDWEST0001
134,1500,Morgan Bike Accessories,MORGANB0001
136,1572,National Bike Association,NATIONAL0001
138,1662,Northern Bike Travel,NORTHERN0001
140,1686,Pro Sport Industries,PROSPOR0001
142,1534,Ready Rentals,READYRE0001
144,1588,Signature Cycles,SIGNATUR0001
146,1632,Sport Fan Co.,SPORTFA0001
148,1576,Superior Bicycles,SUPERIOR0001
150,1514,Training Systems,TRAINING0001
152,1674,Varsity Sport Co.,VARSITY0001
154,1578,"Vision Cycles, Inc.",VISIONC0001
156,1556,West Junction Cycles,WESTJUN0001
158,1688,Wood Fitness,WOODFIT0001
160,1496,Advanced Bicycles,ADVANCED0001
162,1650,American Bicycles and Wheels,AMERICAN0001
164,1664,Anderson's Custom Bikes,ANDERSON0001
166,1616,Aurora Bike Center,AURORAB0001
168,1602,Beaumont Bikes,BEAUMONT0001
170,1628,Bicycle Specialists,BICYCLE0001
172,1690,Bloomington Multisport,BLOOMING0001
174,1698,Business Equipment Center,BUSINESS0001
176,1692,Carlson Specialties,CARLSON0001
178,1504,Chicago Rent-All,CHICAGO0002
180,1530,Comfort Road Bicycles,COMFORT0001
182,1694,"Compete, Inc.",COMPETE0002
184,1548,Consumer Cycles,CONSUMER0001
186,1658,Crowley Sport,CROWLEY0001
188,1568,"Custom Frames, Inc.",CUSTOMF0001
190,1646,Electronic Bike Repair & Supplies,ELECTRON0002
192,1600,Federal Sport,FEDERAL0001
194,1570,First Rate Bicycles,FIRSTRA0001
196,1506,Greenwood Athletic Company,GREENWOO0001
198,1542,Hill's Bicycle Service,HILLSBI0001
200,1638,Inline Accessories,INLINEA0001
202,1510,International,INTERNAT0001
204,1644,International Sport Assoc.,INTERNAT0003
206,1584,Trey Research,TREYRE0001
208,1666,Leaf River Terrain,LEAFRIV0001
210,1618,Metro Sport Equipment,METROSP0001
212,1586,Mitchell Sports,MITCHELL0001
214,1656,Mountain Works,MOUNTAIN0001
216,1562,Norstan Bike Hut,NORSTAN0001
218,1682,"Premier Sport, Inc.",PREMIER0001
220,1684,Professional Athletic Consultants,PROFESSI0001
222,1614,"Reliance Fitness, Inc.",RELIANCE0001
224,1622,Speed Corporation,SPEEDCO0001
226,1608,Sport Playground,SPORTPL0001
228,1590,SUPERSALES INC.,SUPERSAL0001
230,1498,"Trikes, Inc.",TRIKES0001
232,1652,Victory Bikes,VICTORY0001
234,1538,Vista Road Bikes,VISTARO0001
236,1554,WestAmerica Bicycle Co.,WESTAMER0001
238,1580,"Litware, Inc.",LITWARE0001
240,1494,Allenson Cycles,ALLENSON0001
242,1654,American Bikes,AMERICAN0002
244,1678,"Proseware, Inc.",PROSE0001
246,1492,Australia Bike Retailer,AUSTRALI0001
248,1540,Bergeron Off-Roads,BERGERON0001
250,1604,Bike Satellite Inc.,BIKESAT0001
252,1566,Burnett Road Warriors,BURNETT0001
254,1560,Capital Road Cycles,CAPITAL0001
256,1696,Chicago City Saddles,CHICAGO0001
258,1544,Circuit Cycles,CIRCUIT0001
260,1508,"Compete Enterprises, Inc",COMPETE0001
262,1624,Competition Bike Training Systems,COMPETIT0001
264,1598,Continental Pro Cycles,CONTINEN0001
266,1536,Cruger Bike Company,CRUGERB0001
268,1648,Wide World Importers,WIDEWOR0001
270,1672,Expert Bike Co,EXPERTB0001
272,1522,First National Sport Co.,FIRSTNA0001
274,1516,Gardner Touring Cycles,GARDNER0001
276,1626,Hill Bicycle Center,HILLBIC0001
278,1610,Hybrid Bicycle Center,HYBRIDB0001
280,1582,Inner City Bikes,INNERCI0001
282,1526,International Bicycles,INTERNAT0002
284,1680,Jackson Authority,JACKSON0001
286,1620,Lakewood Bicycle,LAKEWOOD0001
288,1592,Lindell,LINDELL0001
290,1612,"Midwest Sport, Inc.",MIDWEST0001
292,1500,Morgan Bike Accessories,MORGANB0001
294,1572,National Bike Association,NATIONAL0001
296,1662,Northern Bike Travel,NORTHERN0001
298,1686,Pro Sport Industries,PROSPOR0001
300,1534,Ready Rentals,READYRE0001
302,1588,Signature Cycles,SIGNATUR0001
304,1632,Sport Fan Co.,SPORTFA0001
306,1576,Superior Bicycles,SUPERIOR0001
308,1514,Training Systems,TRAINING0001
310,1674,Varsity Sport Co.,VARSITY0001
312,1578,"Vision Cycles, Inc.",VISIONC0001
314,1556,West Junction Cycles,WESTJUN0001
316,1688,Wood Fitness,WOODFIT0001
318,1496,Advanced Bicycles,ADVANCED0001
320,1650,American Bicycles and Wheels,AMERICAN0001
322,1664,Anderson's Custom Bikes,ANDERSON0001
324,1616,Aurora Bike Center,AURORAB0001
326,1602,Beaumont Bikes,BEAUMONT0001
328,1628,Bicycle Specialists,BICYCLE0001
330,1690,Bloomington Multisport,BLOOMING0001
332,1698,Business Equipment Center,BUSINESS0001
334,1692,Carlson Specialties,CARLSON0001
336,1504,Chicago Rent-All,CHICAGO0002
338,1530,Comfort Road Bicycles,COMFORT0001
340,1694,"Compete, Inc.",COMPETE0002
342,1548,Consumer Cycles,CONSUMER0001
344,1658,Crowley Sport,CROWLEY0001
346,1568,"Custom Frames, Inc.",CUSTOMF0001
348,1646,Electronic Bike Repair & Supplies,ELECTRON0002
350,1600,Federal Sport,FEDERAL0001
352,1570,First Rate Bicycles,FIRSTRA0001
354,1506,Greenwood Athletic Company,GREENWOO0001
356,1542,Hill's Bicycle Service,HILLSBI0001
358,1638,Inline Accessories,INLINEA0001
360,1510,International,INTERNAT0001
362,1644,International Sport Assoc.,INTERNAT0003
364,1584,Trey Research,TREYRE0001
366,1666,Leaf River Terrain,LEAFRIV0001
368,1618,Metro Sport Equipment,METROSP0001
370,1586,Mitchell Sports,MITCHELL0001
372,1656,Mountain Works,MOUNTAIN0001
374,1562,Norstan Bike Hut,NORSTAN0001
376,1682,"Premier Sport, Inc.",PREMIER0001
378,1684,Professional Athletic Consultants,PROFESSI0001
380,1614,"Reliance Fitness, Inc.",RELIANCE0001
382,1622,Speed Corporation,SPEEDCO0001
384,1608,Sport Playground,SPORTPL0001
386,1590,SUPERSALES INC.,SUPERSAL0001
388,1498,"Trikes, Inc.",TRIKES0001
390,1652,Victory Bikes,VICTORY0001
392,1538,Vista Road Bikes,VISTARO0001
394,1554,WestAmerica Bicycle Co.,WESTAMER0001
396,1580,"Litware, Inc.",LITWARE0001
398,1494,Allenson Cycles,ALLENSON0001
400,1654,American Bikes,AMERICAN0002
402,1678,"Proseware, Inc.",PROSE0001
404,1492,Australia Bike Retailer,AUSTRALI0001
406,1540,Bergeron Off-Roads,BERGERON0001
408,1604,Bike Satellite Inc.,BIKESAT0001
410,1566,Burnett Road Warriors,BURNETT0001
412,1560,Capital Road Cycles,CAPITAL0001
414,1696,Chicago City Saddles,CHICAGO0001
416,1544,Circuit Cycles,CIRCUIT0001
418,1498,"Trikes, Inc.",TRIKES0001
420,1652,Victory Bikes,VICTORY0001
422,1538,Vista Road Bikes,VISTARO0001
424,1554,WestAmerica Bicycle Co.,WESTAMER0001
426,1580,"Litware, Inc.",LITWARE0001
428,1494,Allenson Cycles,ALLENSON0001
430,1654,American Bikes,AMERICAN0002
432,1678,"Proseware, Inc.",PROSE0001
434,1492,Australia Bike Retailer,AUSTRALI0001
436,1540,Bergeron Off-Roads,BERGERON0001
438,1604,Bike Satellite Inc.,BIKESAT0001
440,1566,Burnett Road Warriors,BURNETT0001
442,1560,Capital Road Cycles,CAPITAL0001
444,1696,Chicago City Saddles,CHICAGO0001
446,1544,Circuit Cycles,CIRCUIT0001
448,1508,"Compete Enterprises, Inc",COMPETE0001
450,1624,Competition Bike Training Systems,COMPETIT0001
452,1598,Continental Pro Cycles,CONTINEN0001
454,1536,Cruger Bike Company,CRUGERB0001
456,1648,Wide World Importers,WIDEWOR0001
458,1672,Expert Bike Co,EXPERTB0001
460,1522,First National Sport Co.,FIRSTNA0001
462,1516,Gardner Touring Cycles,GARDNER0001
464,1626,Hill Bicycle Center,HILLBIC0001
466,1610,Hybrid Bicycle Center,HYBRIDB0001
468,1582,Inner City Bikes,INNERCI0001
470,1526,International Bicycles,INTERNAT0002
472,1680,Jackson Authority,JACKSON0001
474,1620,Lakewood Bicycle,LAKEWOOD0001
476,1592,Lindell,LINDELL0001
478,1612,"Midwest Sport, Inc.",MIDWEST0001
480,1500,Morgan Bike Accessories,MORGANB0001
482,1572,National Bike Association,NATIONAL0001
484,1662,Northern Bike Travel,NORTHERN0001
486,1686,Pro Sport Industries,PROSPOR0001
488,1534,Ready Rentals,READYRE0001
490,1588,Signature Cycles,SIGNATUR0001
492,1632,Sport Fan Co.,SPORTFA0001
494,1576,Superior Bicycles,SUPERIOR0001
496,1514,Training Systems,TRAINING0001
498,1674,Varsity Sport Co.,VARSITY0001
500,1578,"Vision Cycles, Inc.",VISIONC0001
502,1556,West Junction Cycles,WESTJUN0001
504,1688,Wood Fitness,WOODFIT0001
506,1496,Advanced Bicycles,ADVANCED0001
508,1650,American Bicycles and Wheels,AMERICAN0001
510,1664,Anderson's Custom Bikes,ANDERSON0001
512,1616,Aurora Bike Center,AURORAB0001
514,1602,Beaumont Bikes,BEAUMONT0001
516,1628,Bicycle Specialists,BICYCLE0001
518,1690,Bloomington Multisport,BLOOMING0001
520,1698,Business Equipment Center,BUSINESS0001
522,1692,Carlson Specialties,CARLSON0001
524,1504,Chicago Rent-All,CHICAGO0002
526,1530,Comfort Road Bicycles,COMFORT0001
528,1694,"Compete, Inc.",COMPETE0002
530,1548,Consumer Cycles,CONSUMER0001
532,1658,Crowley Sport,CROWLEY0001
534,1568,"Custom Frames, Inc.",CUSTOMF0001
536,1646,Electronic Bike Repair & Supplies,ELECTRON0002
538,1508,"Compete Enterprises, Inc",COMPETE0001
540,1624,Competition Bike Training Systems,COMPETIT0001
542,1600,Federal Sport,FEDERAL0001
544,1570,First Rate Bicycles,FIRSTRA0001
546,1506,Greenwood Athletic Company,GREENWOO0001
548,1542,Hill's Bicycle Service,HILLSBI0001
550,1638,Inline Accessories,INLINEA0001
552,1510,International,INTERNAT0001
554,1644,International Sport Assoc.,INTERNAT0003
556,1584,Trey Research,TREYRE0001
558,1666,Leaf River Terrain,LEAFRIV0001
560,1618,Metro Sport Equipment,METROSP0001
562,1586,Mitchell Sports,MITCHELL0001
564,1656,Mountain Works,MOUNTAIN0001
566,1562,Norstan Bike Hut,NORSTAN0001
568,1682,"Premier Sport, Inc.",PREMIER0001
570,1684,Professional Athletic Consultants,PROFESSI0001
572,1614,"Reliance Fitness, Inc.",RELIANCE0001
574,1622,Speed Corporation,SPEEDCO0001
576,1608,Sport Playground,SPORTPL0001
578,1590,SUPERSALES INC.,SUPERSAL0001
580,1498,"Trikes, Inc.",TRIKES0001
582,1652,Victory Bikes,VICTORY0001
584,1538,Vista Road Bikes,VISTARO0001
586,1554,WestAmerica Bicycle Co.,WESTAMER0001
588,1580,"Litware, Inc.",LITWARE0001
590,1494,Allenson Cycles,ALLENSON0001
592,1654,American Bikes,AMERICAN0002
594,1678,"Proseware, Inc.",PROSE0001
596,1492,Australia Bike Retailer,AUSTRALI0001
598,1540,Bergeron Off-Roads,BERGERON0001
600,1604,Bike Satellite Inc.,BIKESAT0001
602,1566,Burnett Road Warriors,BURNETT0001
604,1560,Capital Road Cycles,CAPITAL0001
606,1696,Chicago City Saddles,CHICAGO0001
608,1544,Circuit Cycles,CIRCUIT0001
610,1598,Continental Pro Cycles,CONTINEN0001
612,1536,Cruger Bike Company,CRUGERB0001
614,1508,"Compete Enterprises, Inc",COMPETE0001
616,1624,Competition Bike Training Systems,COMPETIT0001
618,1598,Continental Pro Cycles,CONTINEN0001
620,1536,Cruger Bike Company,CRUGERB0001
622,1648,Wide World Importers,WIDEWOR0001
624,1672,Expert Bike Co,EXPERTB0001
626,1522,First National Sport Co.,FIRSTNA0001
628,1516,Gardner Touring Cycles,GARDNER0001
630,1626,Hill Bicycle Center,HILLBIC0001
632,1610,Hybrid Bicycle Center,HYBRIDB0001
634,1582,Inner City Bikes,INNERCI0001
636,1526,International Bicycles,INTERNAT0002
638,1648,Wide World Importers,WIDEWOR0001
640,1672,Expert Bike Co,EXPERTB0001
642,1680,Jackson Authority,JACKSON0001
644,1620,Lakewood Bicycle,LAKEWOOD0001
646,1592,Lindell,LINDELL0001
648,1612,"Midwest Sport, Inc.",MIDWEST0001
650,1500,Morgan Bike Accessories,MORGANB0001
652,1572,National Bike Association,NATIONAL0001
654,1662,Northern Bike Travel,NORTHERN0001
656,1686,Pro Sport Industries,PROSPOR0001
658,1534,Ready Rentals,READYRE0001
660,1588,Signature Cycles,SIGNATUR0001
662,1632,Sport Fan Co.,SPORTFA0001
664,1576,Superior Bicycles,SUPERIOR0001
666,1514,Training Systems,TRAINING0001
668,1674,Varsity Sport Co.,VARSITY0001
670,1578,"Vision Cycles, Inc.",VISIONC0001
672,1556,West Junction Cycles,WESTJUN0001
674,1688,Wood Fitness,WOODFIT0001
676,1496,Advanced Bicycles,ADVANCED0001
678,1650,American Bicycles and Wheels,AMERICAN0001
680,1664,Anderson's Custom Bikes,ANDERSON0001
682,1616,Aurora Bike Center,AURORAB0001
684,1602,Beaumont Bikes,BEAUMONT0001
686,1628,Bicycle Specialists,BICYCLE0001
688,1690,Bloomington Multisport,BLOOMING0001
690,1698,Business Equipment Center,BUSINESS0001
692,1692,Carlson Specialties,CARLSON0001
694,1504,Chicago Rent-All,CHICAGO0002
696,1530,Comfort Road Bicycles,COMFORT0001
698,1694,"Compete, Inc.",COMPETE0002
700,1548,Consumer Cycles,CONSUMER0001
702,1658,Crowley Sport,CROWLEY0001
704,1568,"Custom Frames, Inc.",CUSTOMF0001
706,1646,Electronic Bike Repair & Supplies,ELECTRON0002
708,1600,Federal Sport,FEDERAL0001
710,1570,First Rate Bicycles,FIRSTRA0001
712,1506,Greenwood Athletic Company,GREENWOO0001
714,1542,Hill's Bicycle Service,HILLSBI0001
716,1638,Inline Accessories,INLINEA0001
718,1510,International,INTERNAT0001
720,1644,International Sport Assoc.,INTERNAT0003
722,1584,Trey Research,TREYRE0001
724,1666,Leaf River Terrain,LEAFRIV0001
726,1618,Metro Sport Equipment,METROSP0001
728,1586,Mitchell Sports,MITCHELL0001
730,1656,Mountain Works,MOUNTAIN0001
732,1562,Norstan Bike Hut,NORSTAN0001
734,1682,"Premier Sport, Inc.",PREMIER0001
736,1684,Professional Athletic Consultants,PROFESSI0001
738,1614,"Reliance Fitness, Inc.",RELIANCE0001
740,1622,Speed Corporation,SPEEDCO0001
742,1608,Sport Playground,SPORTPL0001
744,1590,SUPERSALES INC.,SUPERSAL0001
746,1498,"Trikes, Inc.",TRIKES0001
748,1652,Victory Bikes,VICTORY0001
750,1538,Vista Road Bikes,VISTARO0001
752,1554,WestAmerica Bicycle Co.,WESTAMER0001
754,1522,First National Sport Co.,FIRSTNA0001
756,1516,Gardner Touring Cycles,GARDNER0001
758,1580,"Litware, Inc.",LITWARE0001
760,1494,Allenson Cycles,ALLENSON0001
762,1654,American Bikes,AMERICAN0002
764,1678,"Proseware, Inc.",PROSE0001
766,1492,Australia Bike Retailer,AUSTRALI0001
768,1540,Bergeron Off-Roads,BERGERON0001
770,1604,Bike Satellite Inc.,BIKESAT0001
772,1566,Burnett Road Warriors,BURNETT0001
774,1560,Capital Road Cycles,CAPITAL0001
776,1696,Chicago City Saddles,CHICAGO0001
778,1544,Circuit Cycles,CIRCUIT0001
780,1508,"Compete Enterprises, Inc",COMPETE0001
782,1624,Competition Bike Training Systems,COMPETIT0001
784,1598,Continental Pro Cycles,CONTINEN0001
786,1536,Cruger Bike Company,CRUGERB0001
788,1648,Wide World Importers,WIDEWOR0001
790,1672,Expert Bike Co,EXPERTB0001
792,1522,First National Sport Co.,FIRSTNA0001
794,1516,Gardner Touring Cycles,GARDNER0001
796,1626,Hill Bicycle Center,HILLBIC0001
798,1610,Hybrid Bicycle Center,HYBRIDB0001
800,1582,Inner City Bikes,INNERCI0001
802,1526,International Bicycles,INTERNAT0002
804,1680,Jackson Authority,JACKSON0001
806,1620,Lakewood Bicycle,LAKEWOOD0001
808,1592,Lindell,LINDELL0001
810,1612,"Midwest Sport, Inc.",MIDWEST0001
812,1500,Morgan Bike Accessories,MORGANB0001
814,1572,National Bike Association,NATIONAL0001
816,1662,Northern Bike Travel,NORTHERN0001
818,1686,Pro Sport Industries,PROSPOR0001
820,1534,Ready Rentals,READYRE0001
822,1588,Signature Cycles,SIGNATUR0001
824,1632,Sport Fan Co.,SPORTFA0001
826,1576,Superior Bicycles,SUPERIOR0001
828,1514,Training Systems,TRAINING0001
830,1674,Varsity Sport Co.,VARSITY0001
832,1578,"Vision Cycles, Inc.",VISIONC0001
834,1556,West Junction Cycles,WESTJUN0001
836,1688,Wood Fitness,WOODFIT0001
838,1626,Hill Bicycle Center,HILLBIC0001
840,1610,Hybrid Bicycle Center,HYBRIDB0001
842,1496,Advanced Bicycles,ADVANCED0001
844,1650,American Bicycles and Wheels,AMERICAN0001
846,1664,Anderson's Custom Bikes,ANDERSON0001
848,1616,Aurora Bike Center,AURORAB0001
850,1602,Beaumont Bikes,BEAUMONT0001
852,1628,Bicycle Specialists,BICYCLE0001
854,1690,Bloomington Multisport,BLOOMING0001
856,1698,Business Equipment Center,BUSINESS0001
858,1692,Carlson Specialties,CARLSON0001
860,1504,Chicago Rent-All,CHICAGO0002
862,1530,Comfort Road Bicycles,COMFORT0001
864,1694,"Compete, Inc.",COMPETE0002
866,1548,Consumer Cycles,CONSUMER0001
868,1658,Crowley Sport,CROWLEY0001
870,1568,"Custom Frames, Inc.",CUSTOMF0001
872,1646,Electronic Bike Repair & Supplies,ELECTRON0002
874,1600,Federal Sport,FEDERAL0001
876,1570,First Rate Bicycles,FIRSTRA0001
878,1506,Greenwood Athletic Company,GREENWOO0001
880,1542,Hill's Bicycle Service,HILLSBI0001
882,1638,Inline Accessories,INLINEA0001
884,1510,International,INTERNAT0001
886,1644,International Sport Assoc.,INTERNAT0003
888,1584,Trey Research,TREYRE0001
890,1666,Leaf River Terrain,LEAFRIV0001
892,1618,Metro Sport Equipment,METROSP0001
894,1586,Mitchell Sports,MITCHELL0001
896,1656,Mountain Works,MOUNTAIN0001
898,1562,Norstan Bike Hut,NORSTAN0001
900,1682,"Premier Sport, Inc.",PREMIER0001
902,1684,Professional Athletic Consultants,PROFESSI0001
904,1614,"Reliance Fitness, Inc.",RELIANCE0001
906,1582,Inner City Bikes,INNERCI0001
908,1526,International Bicycles,INTERNAT0002
910,1622,Speed Corporation,SPEEDCO0001
912,1608,Sport Playground,SPORTPL0001
914,1590,SUPERSALES INC.,SUPERSAL0001
916,1498,"Trikes, Inc.",TRIKES0001
918,1652,Victory Bikes,VICTORY0001
920,1538,Vista Road Bikes,VISTARO0001
922,1554,WestAmerica Bicycle Co.,WESTAMER0001
924,1580,"Litware, Inc.",LITWARE0001
926,1494,Allenson Cycles,ALLENSON0001
928,1654,American Bikes,AMERICAN0002
930,1678,"Proseware, Inc.",PROSE0001
932,1492,Australia Bike Retailer,AUSTRALI0001
934,1540,Bergeron Off-Roads,BERGERON0001
936,1604,Bike Satellite Inc.,BIKESAT0001
938,1566,Burnett Road Warriors,BURNETT0001
940,1560,Capital Road Cycles,CAPITAL0001
942,1696,Chicago City Saddles,CHICAGO0001
944,1544,Circuit Cycles,CIRCUIT0001
946,1508,"Compete Enterprises, Inc",COMPETE0001
948,1624,Competition Bike Training Systems,COMPETIT0001
950,1598,Continental Pro Cycles,CONTINEN0001
952,1536,Cruger Bike Company,CRUGERB0001
954,1648,Wide World Importers,WIDEWOR0001
956,1672,Expert Bike Co,EXPERTB0001
958,1522,First National Sport Co.,FIRSTNA0001
960,1516,Gardner Touring Cycles,GARDNER0001
962,1626,Hill Bicycle Center,HILLBIC0001
964,1610,Hybrid Bicycle Center,HYBRIDB0001
966,1680,Jackson Authority,JACKSON0001
968,1620,Lakewood Bicycle,LAKEWOOD0001
970,1582,Inner City Bikes,INNERCI0001
972,1526,International Bicycles,INTERNAT0002
974,1592,Lindell,LINDELL0001
976,1612,"Midwest Sport, Inc.",MIDWEST0001
978,1680,Jackson Authority,JACKSON0001
980,1620,Lakewood Bicycle,LAKEWOOD0001
982,1592,Lindell,LINDELL0001
984,1612,"Midwest Sport, Inc.",MIDWEST0001
986,1500,Morgan Bike Accessories,MORGANB0001
988,1572,National Bike Association,NATIONAL0001
990,1662,Northern Bike Travel,NORTHERN0001
992,1686,Pro Sport Industries,PROSPOR0001
994,1534,Ready Rentals,READYRE0001
996,1588,Signature Cycles,SIGNATUR0001
998,1632,Sport Fan Co.,SPORTFA0001
1000,1576,Superior Bicycles,SUPERIOR0001
1002,1514,Training Systems,TRAINING0001
1004,1674,Varsity Sport Co.,VARSITY0001
1006,1578,"Vision Cycles, Inc.",VISIONC0001
1008,1556,West Junction Cycles,WESTJUN0001
1010,1688,Wood Fitness,WOODFIT0001
1012,1496,Advanced Bicycles,ADVANCED0001
1014,1500,Morgan Bike Accessories,MORGANB0001
1016,1572,National Bike Association,NATIONAL0001
1018,1662,Northern Bike Travel,NORTHERN0001
1020,1686,Pro Sport Industries,PROSPOR0001
1022,1534,Ready Rentals,READYRE0001
1024,1588,Signature Cycles,SIGNATUR0001
1026,1650,American Bicycles and Wheels,AMERICAN0001
1028,1664,Anderson's Custom Bikes,ANDERSON0001
1030,1616,Aurora Bike Center,AURORAB0001
1032,1602,Beaumont Bikes,BEAUMONT0001
1034,1628,Bicycle Specialists,BICYCLE0001
1036,1690,Bloomington Multisport,BLOOMING0001
1038,1698,Business Equipment Center,BUSINESS0001
1040,1692,Carlson Specialties,CARLSON0001
1042,1504,Chicago Rent-All,CHICAGO0002
1044,1530,Comfort Road Bicycles,COMFORT0001
1046,1694,"Compete, Inc.",COMPETE0002
1048,1548,Consumer Cycles,CONSUMER0001
1050,1658,Crowley Sport,CROWLEY0001
1052,1568,"Custom Frames, Inc.",CUSTOMF0001
1054,1646,Electronic Bike Repair & Supplies,ELECTRON0002
1056,1600,Federal Sport,FEDERAL0001
1058,1632,Sport Fan Co.,SPORTFA0001
1060,1576,Superior Bicycles,SUPERIOR0001
1062,1514,Training Systems,TRAINING0001
1064,1674,Varsity Sport Co.,VARSITY0001
1066,1570,First Rate Bicycles,FIRSTRA0001
1068,1506,Greenwood Athletic Company,GREENWOO0001
1070,1542,Hill's Bicycle Service,HILLSBI0001
1072,1638,Inline Accessories,INLINEA0001
1074,1510,International,INTERNAT0001
1076,1644,International Sport Assoc.,INTERNAT0003
1078,1584,Trey Research,TREYRE0001
1080,1666,Leaf River Terrain,LEAFRIV0001
1082,1578,"Vision Cycles, Inc.",VISIONC0001
1084,1556,West Junction Cycles,WESTJUN0001
1086,1688,Wood Fitness,WOODFIT0001
1088,1496,Advanced Bicycles,ADVANCED0001
1090,1650,American Bicycles and Wheels,AMERICAN0001
1092,1664,Anderson's Custom Bikes,ANDERSON0001
1094,1616,Aurora Bike Center,AURORAB0001
1096,1602,Beaumont Bikes,BEAUMONT0001
1098,1628,Bicycle Specialists,BICYCLE0001
1100,1690,Bloomington Multisport,BLOOMING0001
1102,1698,Business Equipment Center,BUSINESS0001
1104,1692,Carlson Specialties,CARLSON0001
1106,1504,Chicago Rent-All,CHICAGO0002
1108,1530,Comfort Road Bicycles,COMFORT0001
1110,1694,"Compete, Inc.",COMPETE0002
1112,1548,Consumer Cycles,CONSUMER0001
1114,1658,Crowley Sport,CROWLEY0001
1116,1568,"Custom Frames, Inc.",CUSTOMF0001
1118,1646,Electronic Bike Repair & Supplies,ELECTRON0002
1120,1600,Federal Sport,FEDERAL0001
1122,1570,First Rate Bicycles,FIRSTRA0001
1124,1506,Greenwood Athletic Company,GREENWOO0001
1126,1542,Hill's Bicycle Service,HILLSBI0001
1128,1638,Inline Accessories,INLINEA0001
1130,1510,International,INTERNAT0001
1132,1644,International Sport Assoc.,INTERNAT0003
1134,1584,Trey Research,TREYRE0001
1136,1666,Leaf River Terrain,LEAFRIV0001
1138,1618,Metro Sport Equipment,METROSP0001
1140,1586,Mitchell Sports,MITCHELL0001
1142,1656,Mountain Works,MOUNTAIN0001
1144,1562,Norstan Bike Hut,NORSTAN0001
1146,1682,"Premier Sport, Inc.",PREMIER0001
1148,1684,Professional Athletic Consultants,PROFESSI0001
1150,1614,"Reliance Fitness, Inc.",RELIANCE0001
1152,1622,Speed Corporation,SPEEDCO0001
1154,1608,Sport Playground,SPORTPL0001
1156,1590,SUPERSALES INC.,SUPERSAL0001
1158,1498,"Trikes, Inc.",TRIKES0001
1160,1652,Victory Bikes,VICTORY0001
1162,1538,Vista Road Bikes,VISTARO0001
1164,1554,WestAmerica Bicycle Co.,WESTAMER0001
1166,1580,"Litware, Inc.",LITWARE0001
1168,1494,Allenson Cycles,ALLENSON0001
1170,1654,American Bikes,AMERICAN0002
1172,1678,"Proseware, Inc.",PROSE0001
1174,1492,Australia Bike Retailer,AUSTRALI0001
1176,1540,Bergeron Off-Roads,BERGERON0001
1178,1604,Bike Satellite Inc.,BIKESAT0001
1180,1566,Burnett Road Warriors,BURNETT0001
1182,1560,Capital Road Cycles,CAPITAL0001
1184,1696,Chicago City Saddles,CHICAGO0001
1186,1544,Circuit Cycles,CIRCUIT0001
1188,1508,"Compete Enterprises, Inc",COMPETE0001
1190,1624,Competition Bike Training Systems,COMPETIT0001
1192,1598,Continental Pro Cycles,CONTINEN0001
1194,1536,Cruger Bike Company,CRUGERB0001
1196,1648,Wide World Importers,WIDEWOR0001
1198,1672,Expert Bike Co,EXPERTB0001
1200,1522,First National Sport Co.,FIRSTNA0001
1202,1516,Gardner Touring Cycles,GARDNER0001
1204,1626,Hill Bicycle Center,HILLBIC0001
1206,1610,Hybrid Bicycle Center,HYBRIDB0001
1208,1582,Inner City Bikes,INNERCI0001
1210,1526,International Bicycles,INTERNAT0002
1212,1680,Jackson Authority,JACKSON0001
1214,1620,Lakewood Bicycle,LAKEWOOD0001
1216,1592,Lindell,LINDELL0001
1218,1612,"Midwest Sport, Inc.",MIDWEST0001
1220,1500,Morgan Bike Accessories,MORGANB0001
1222,1572,National Bike Association,NATIONAL0001
1224,1662,Northern Bike Travel,NORTHERN0001
1226,1686,Pro Sport Industries,PROSPOR0001
1228,1534,Ready Rentals,READYRE0001
1230,1588,Signature Cycles,SIGNATUR0001
1232,1632,Sport Fan Co.,SPORTFA0001
1234,1576,Superior Bicycles,SUPERIOR0001
1236,1514,Training Systems,TRAINING0001
1238,1674,Varsity Sport Co.,VARSITY0001
1240,1578,"Vision Cycles, Inc.",VISIONC0001
1242,1556,West Junction Cycles,WESTJUN0001
1244,1688,Wood Fitness,WOODFIT0001
1246,1496,Advanced Bicycles,ADVANCED0001
1248,1650,American Bicycles and Wheels,AMERICAN0001
1250,1664,Anderson's Custom Bikes,ANDERSON0001
1252,1616,Aurora Bike Center,AURORAB0001
1254,1602,Beaumont Bikes,BEAUMONT0001
1256,1628,Bicycle Specialists,BICYCLE0001
1258,1690,Bloomington Multisport,BLOOMING0001
1260,1698,Business Equipment Center,BUSINESS0001
1262,1692,Carlson Specialties,CARLSON0001
1264,1504,Chicago Rent-All,CHICAGO0002
1266,1530,Comfort Road Bicycles,COMFORT0001
1268,1694,"Compete, Inc.",COMPETE0002
1270,1548,Consumer Cycles,CONSUMER0001
1272,1658,Crowley Sport,CROWLEY0001
1274,1568,"Custom Frames, Inc.",CUSTOMF0001
1276,1646,Electronic Bike Repair & Supplies,ELECTRON0002
1278,1600,Federal Sport,FEDERAL0001
1280,1570,First Rate Bicycles,FIRSTRA0001
1282,1506,Greenwood Athletic Company,GREENWOO0001
1284,1542,Hill's Bicycle Service,HILLSBI0001
1286,1638,Inline Accessories,INLINEA0001
1288,1510,International,INTERNAT0001
1290,1644,International Sport Assoc.,INTERNAT0003
1292,1584,Trey Research,TREYRE0001
1294,1666,Leaf River Terrain,LEAFRIV0001
1296,1618,Metro Sport Equipment,METROSP0001
1298,1586,Mitchell Sports,MITCHELL0001
1300,1656,Mountain Works,MOUNTAIN0001
1302,1562,Norstan Bike Hut,NORSTAN0001
1304,1682,"Premier Sport, Inc.",PREMIER0001
1306,1684,Professional Athletic Consultants,PROFESSI0001
1308,1614,"Reliance Fitness, Inc.",RELIANCE0001
1310,1622,Speed Corporation,SPEEDCO0001
1312,1608,Sport Playground,SPORTPL0001
1314,1590,SUPERSALES INC.,SUPERSAL0001
1316,1498,"Trikes, Inc.",TRIKES0001
1318,1652,Victory Bikes,VICTORY0001
1320,1538,Vista Road Bikes,VISTARO0001
1322,1554,WestAmerica Bicycle Co.,WESTAMER0001
1324,1580,"Litware, Inc.",LITWARE0001
1326,1494,Allenson Cycles,ALLENSON0001
1328,1654,American Bikes,AMERICAN0002
1330,1678,"Proseware, Inc.",PROSE0001
1332,1492,Australia Bike Retailer,AUSTRALI0001
1334,1540,Bergeron Off-Roads,BERGERON0001
1336,1604,Bike Satellite Inc.,BIKESAT0001
1338,1566,Burnett Road Warriors,BURNETT0001
1340,1560,Capital Road Cycles,CAPITAL0001
1342,1696,Chicago City Saddles,CHICAGO0001
1344,1544,Circuit Cycles,CIRCUIT0001
1346,1508,"Compete Enterprises, Inc",COMPETE0001
1348,1624,Competition Bike Training Systems,COMPETIT0001
1350,1598,Continental Pro Cycles,CONTINEN0001
1352,1536,Cruger Bike Company,CRUGERB0001
1354,1648,Wide World Importers,WIDEWOR0001
1356,1672,Expert Bike Co,EXPERTB0001
1358,1522,First National Sport Co.,FIRSTNA0001
1360,1516,Gardner Touring Cycles,GARDNER0001
1362,1626,Hill Bicycle Center,HILLBIC0001
1364,1610,Hybrid Bicycle Center,HYBRIDB0001
1366,1582,Inner City Bikes,INNERCI0001
1368,1526,International Bicycles,INTERNAT0002
1370,1680,Jackson Authority,JACKSON0001
1372,1620,Lakewood Bicycle,LAKEWOOD0001
1374,1592,Lindell,LINDELL0001
1376,1612,"Midwest Sport, Inc.",MIDWEST0001
1378,1500,Morgan Bike Accessories,MORGANB0001
1380,1572,National Bike Association,NATIONAL0001
1382,1662,Northern Bike Travel,NORTHERN0001
1384,1686,Pro Sport Industries,PROSPOR0001
1386,1534,Ready Rentals,READYRE0001
1388,1588,Signature Cycles,SIGNATUR0001
1390,1632,Sport Fan Co.,SPORTFA0001
1392,1576,Superior Bicycles,SUPERIOR0001
1394,1514,Training Systems,TRAINING0001
1396,1674,Varsity Sport Co.,VARSITY0001
1398,1578,"Vision Cycles, Inc.",VISIONC0001
1400,1556,West Junction Cycles,WESTJUN0001
1402,1688,Wood Fitness,WOODFIT0001
1404,1496,Advanced Bicycles,ADVANCED0001
1406,1650,American Bicycles and Wheels,AMERICAN0001
1408,1664,Anderson's Custom Bikes,ANDERSON0001
1410,1616,Aurora Bike Center,AURORAB0001
1412,1602,Beaumont Bikes,BEAUMONT0001
1414,1628,Bicycle Specialists,BICYCLE0001
1416,1690,Bloomington Multisport,BLOOMING0001
1418,1698,Business Equipment Center,BUSINESS0001
1420,1692,Carlson Specialties,CARLSON0001
1422,1504,Chicago Rent-All,CHICAGO0002
1424,1530,Comfort Road Bicycles,COMFORT0001
1426,1694,"Compete, Inc.",COMPETE0002
1428,1548,Consumer Cycles,CONSUMER0001
1430,1658,Crowley Sport,CROWLEY0001
1432,1568,"Custom Frames, Inc.",CUSTOMF0001
1434,1646,Electronic Bike Repair & Supplies,ELECTRON0002
1436,1600,Federal Sport,FEDERAL0001
1438,1570,First Rate Bicycles,FIRSTRA0001
1440,1506,Greenwood Athletic Company,GREENWOO0001
1442,1542,Hill's Bicycle Service,HILLSBI0001
1444,1638,Inline Accessories,INLINEA0001
1446,1510,International,INTERNAT0001
1448,1644,International Sport Assoc.,INTERNAT0003
1450,1584,Trey Research,TREYRE0001
1452,1666,Leaf River Terrain,LEAFRIV0001
1454,1618,Metro Sport Equipment,METROSP0001
1456,1586,Mitchell Sports,MITCHELL0001
1458,1656,Mountain Works,MOUNTAIN0001
1460,1562,Norstan Bike Hut,NORSTAN0001
1462,1682,"Premier Sport, Inc.",PREMIER0001
1464,1684,Professional Athletic Consultants,PROFESSI0001
1466,1614,"Reliance Fitness, Inc.",RELIANCE0001
1468,1622,Speed Corporation,SPEEDCO0001
1470,1608,Sport Playground,SPORTPL0001
1472,1590,SUPERSALES INC.,SUPERSAL0001
1474,1498,"Trikes, Inc.",TRIKES0001
1476,1652,Victory Bikes,VICTORY0001
1478,1538,Vista Road Bikes,VISTARO0001
1480,1554,WestAmerica Bicycle Co.,WESTAMER0001
1482,1580,"Litware, Inc.",LITWARE0001
1484,1494,Allenson Cycles,ALLENSON0001
1486,1654,American Bikes,AMERICAN0002
1488,1678,"Proseware, Inc.",PROSE0001
1490,1492,Australia Bike Retailer,AUSTRALI0001
1492,1540,Bergeron Off-Roads,BERGERON0001
1494,1604,Bike Satellite Inc.,BIKESAT0001
1496,1566,Burnett Road Warriors,BURNETT0001
1498,1560,Capital Road Cycles,CAPITAL0001
1500,1696,Chicago City Saddles,CHICAGO0001
1502,1544,Circuit Cycles,CIRCUIT0001
1504,1508,"Compete Enterprises, Inc",COMPETE0001
1506,1624,Competition Bike Training Systems,COMPETIT0001
1508,1598,Continental Pro Cycles,CONTINEN0001
1510,1536,Cruger Bike Company,CRUGERB0001
1512,1648,Wide World Importers,WIDEWOR0001
1514,1672,Expert Bike Co,EXPERTB0001
1516,1522,First National Sport Co.,FIRSTNA0001
1518,1516,Gardner Touring Cycles,GARDNER0001
1520,1626,Hill Bicycle Center,HILLBIC0001
1522,1610,Hybrid Bicycle Center,HYBRIDB0001
1524,1582,Inner City Bikes,INNERCI0001
1526,1526,International Bicycles,INTERNAT0002
1528,1680,Jackson Authority,JACKSON0001
1530,1620,Lakewood Bicycle,LAKEWOOD0001
1532,1592,Lindell,LINDELL0001
1534,1612,"Midwest Sport, Inc.",MIDWEST0001
1536,1500,Morgan Bike Accessories,MORGANB0001
1538,1572,National Bike Association,NATIONAL0001
1540,1662,Northern Bike Travel,NORTHERN0001
1542,1686,Pro Sport Industries,PROSPOR0001
1544,1534,Ready Rentals,READYRE0001
1546,1588,Signature Cycles,SIGNATUR0001
1548,1632,Sport Fan Co.,SPORTFA0001
1550,1576,Superior Bicycles,SUPERIOR0001
1552,1514,Training Systems,TRAINING0001
1554,1674,Varsity Sport Co.,VARSITY0001
1556,1578,"Vision Cycles, Inc.",VISIONC0001
1558,1556,West Junction Cycles,WESTJUN0001
1560,1688,Wood Fitness,WOODFIT0001
1562,1496,Advanced Bicycles,ADVANCED0001
1564,1650,American Bicycles and Wheels,AMERICAN0001
1566,1664,Anderson's Custom Bikes,ANDERSON0001
1568,1616,Aurora Bike Center,AURORAB0001
1570,1602,Beaumont Bikes,BEAUMONT0001
1572,1628,Bicycle Specialists,BICYCLE0001
1574,1690,Bloomington Multisport,BLOOMING0001
1576,1698,Business Equipment Center,BUSINESS0001
1578,1692,Carlson Specialties,CARLSON0001
1580,1504,Chicago Rent-All,CHICAGO0002
1582,1530,Comfort Road Bicycles,COMFORT0001
1584,1694,"Compete, Inc.",COMPETE0002
1586,1548,Consumer Cycles,CONSUMER0001
1588,1658,Crowley Sport,CROWLEY0001
1590,1568,"Custom Frames, Inc.",CUSTOMF0001
1592,1646,Electronic Bike Repair & Supplies,ELECTRON0002
1594,1600,Federal Sport,FEDERAL0001
1596,1570,First Rate Bicycles,FIRSTRA0001
1598,1506,Greenwood Athletic Company,GREENWOO0001
1600,1542,Hill's Bicycle Service,HILLSBI0001
1602,1638,Inline Accessories,INLINEA0001
1604,1510,International,INTERNAT0001
1606,1644,International Sport Assoc.,INTERNAT0003
1608,1584,Trey Research,TREYRE0001
1610,1666,Leaf River Terrain,LEAFRIV0001
1612,1618,Metro Sport Equipment,METROSP0001
1614,1586,Mitchell Sports,MITCHELL0001
1616,1656,Mountain Works,MOUNTAIN0001
1618,1562,Norstan Bike Hut,NORSTAN0001
1620,1682,"Premier Sport, Inc.",PREMIER0001
1622,1684,Professional Athletic Consultants,PROFESSI0001
1624,1614,"Reliance Fitness, Inc.",RELIANCE0001
1626,1622,Speed Corporation,SPEEDCO0001
1628,1608,Sport Playground,SPORTPL0001
1630,1590,SUPERSALES INC.,SUPERSAL0001
1632,1498,"Trikes, Inc.",TRIKES0001
1634,1652,Victory Bikes,VICTORY0001
1636,1538,Vista Road Bikes,VISTARO0001
1638,1554,WestAmerica Bicycle Co.,WESTAMER0001
1640,1580,"Litware, Inc.",LITWARE0001
1642,1494,Allenson Cycles,ALLENSON0001
1644,1654,American Bikes,AMERICAN0002
1646,1678,"Proseware, Inc.",PROSE0001
1648,1492,Australia Bike Retailer,AUSTRALI0001
1650,1540,Bergeron Off-Roads,BERGERON0001
1652,1604,Bike Satellite Inc.,BIKESAT0001
1654,1566,Burnett Road Warriors,BURNETT0001
1656,1560,Capital Road Cycles,CAPITAL0001
1658,1696,Chicago City Saddles,CHICAGO0001
1660,1544,Circuit Cycles,CIRCUIT0001
1662,1508,"Compete Enterprises, Inc",COMPETE0001
1664,1624,Competition Bike Training Systems,COMPETIT0001
1666,1598,Continental Pro Cycles,CONTINEN0001
1668,1536,Cruger Bike Company,CRUGERB0001
1670,1648,Wide World Importers,WIDEWOR0001
1672,1672,Expert Bike Co,EXPERTB0001
1674,1522,First National Sport Co.,FIRSTNA0001
1676,1516,Gardner Touring Cycles,GARDNER0001
1678,1626,Hill Bicycle Center,HILLBIC0001
1680,1610,Hybrid Bicycle Center,HYBRIDB0001
1682,1582,Inner City Bikes,INNERCI0001
1684,1526,International Bicycles,INTERNAT0002
1686,1680,Jackson Authority,JACKSON0001
1688,1620,Lakewood Bicycle,LAKEWOOD0001
1690,1592,Lindell,LINDELL0001
1692,1612,"Midwest Sport, Inc.",MIDWEST0001
1694,1500,Morgan Bike Accessories,MORGANB0001
1696,1572,National Bike Association,NATIONAL0001
1698,1662,Northern Bike Travel,NORTHERN0001
1700,1686,Pro Sport Industries,PROSPOR0001
1702,1534,Ready Rentals,READYRE0001
1704,1588,Signature Cycles,SIGNATUR0001
1706,1632,Sport Fan Co.,SPORTFA0001
1708,1576,Superior Bicycles,SUPERIOR0001
1710,1514,Training Systems,TRAINING0001
1712,1674,Varsity Sport Co.,VARSITY0001
1714,1578,"Vision Cycles, Inc.",VISIONC0001
1716,1556,West Junction Cycles,WESTJUN0001
1718,1688,Wood Fitness,WOODFIT0001
1720,1496,Advanced Bicycles,ADVANCED0001
1722,1650,American Bicycles and Wheels,AMERICAN0001
1724,1664,Anderson's Custom Bikes,ANDERSON0001
1726,1616,Aurora Bike Center,AURORAB0001
1728,1602,Beaumont Bikes,BEAUMONT0001
1730,1628,Bicycle Specialists,BICYCLE0001
1732,1690,Bloomington Multisport,BLOOMING0001
1734,1698,Business Equipment Center,BUSINESS0001
1736,1692,Carlson Specialties,CARLSON0001
1738,1504,Chicago Rent-All,CHICAGO0002
1740,1530,Comfort Road Bicycles,COMFORT0001
1742,1694,"Compete, Inc.",COMPETE0002
1744,1548,Consumer Cycles,CONSUMER0001
1746,1658,Crowley Sport,CROWLEY0001
1748,1568,"Custom Frames, Inc.",CUSTOMF0001
1750,1646,Electronic Bike Repair & Supplies,ELECTRON0002
1752,1600,Federal Sport,FEDERAL0001
1754,1570,First Rate Bicycles,FIRSTRA0001
1756,1506,Greenwood Athletic Company,GREENWOO0001
1758,1542,Hill's Bicycle Service,HILLSBI0001
1760,1638,Inline Accessories,INLINEA0001
1762,1510,International,INTERNAT0001
1764,1644,International Sport Assoc.,INTERNAT0003
1766,1584,Trey Research,TREYRE0001
1768,1666,Leaf River Terrain,LEAFRIV0001
1770,1618,Metro Sport Equipment,METROSP0001
1772,1586,Mitchell Sports,MITCHELL0001
1774,1656,Mountain Works,MOUNTAIN0001
1776,1562,Norstan Bike Hut,NORSTAN0001
1778,1682,"Premier Sport, Inc.",PREMIER0001
1780,1684,Professional Athletic Consultants,PROFESSI0001
1782,1614,"Reliance Fitness, Inc.",RELIANCE0001
1784,1622,Speed Corporation,SPEEDCO0001
1786,1608,Sport Playground,SPORTPL0001
1788,1590,SUPERSALES INC.,SUPERSAL0001
1790,1498,"Trikes, Inc.",TRIKES0001
1792,1652,Victory Bikes,VICTORY0001
1794,1538,Vista Road Bikes,VISTARO0001
1796,1554,WestAmerica Bicycle Co.,WESTAMER0001
1798,1580,"Litware, Inc.",LITWARE0001
1800,1494,Allenson Cycles,ALLENSON0001
1802,1654,American Bikes,AMERICAN0002
1804,1678,"Proseware, Inc.",PROSE0001
1806,1492,Australia Bike Retailer,AUSTRALI0001
1808,1540,Bergeron Off-Roads,BERGERON0001
1810,1604,Bike Satellite Inc.,BIKESAT0001
1812,1566,Burnett Road Warriors,BURNETT0001
1814,1560,Capital Road Cycles,CAPITAL0001
1816,1696,Chicago City Saddles,CHICAGO0001
1818,1544,Circuit Cycles,CIRCUIT0001
1820,1508,"Compete Enterprises, Inc",COMPETE0001
1822,1624,Competition Bike Training Systems,COMPETIT0001
1824,1598,Continental Pro Cycles,CONTINEN0001
1826,1536,Cruger Bike Company,CRUGERB0001
1828,1648,Wide World Importers,WIDEWOR0001
1830,1672,Expert Bike Co,EXPERTB0001
1832,1522,First National Sport Co.,FIRSTNA0001
1834,1516,Gardner Touring Cycles,GARDNER0001
1836,1626,Hill Bicycle Center,HILLBIC0001
1838,1610,Hybrid Bicycle Center,HYBRIDB0001
1840,1582,Inner City Bikes,INNERCI0001
1842,1526,International Bicycles,INTERNAT0002
1844,1680,Jackson Authority,JACKSON0001
1846,1620,Lakewood Bicycle,LAKEWOOD0001
1848,1592,Lindell,LINDELL0001
1850,1612,"Midwest Sport, Inc.",MIDWEST0001
1852,1500,Morgan Bike Accessories,MORGANB0001
1854,1572,National Bike Association,NATIONAL0001
1856,1662,Northern Bike Travel,NORTHERN0001
1858,1686,Pro Sport Industries,PROSPOR0001
1860,1534,Ready Rentals,READYRE0001
1862,1588,Signature Cycles,SIGNATUR0001
1864,1632,Sport Fan Co.,SPORTFA0001
1866,1576,Superior Bicycles,SUPERIOR0001
1868,1514,Training Systems,TRAINING0001
1870,1674,Varsity Sport Co.,VARSITY0001
1872,1578,"Vision Cycles, Inc.",VISIONC0001
1874,1556,West Junction Cycles,WESTJUN0001
1876,1688,Wood Fitness,WOODFIT0001
1878,1496,Advanced Bicycles,ADVANCED0001
1880,1650,American Bicycles and Wheels,AMERICAN0001
1882,1664,Anderson's Custom Bikes,ANDERSON0001
1884,1616,Aurora Bike Center,AURORAB0001
1886,1602,Beaumont Bikes,BEAUMONT0001
1888,1628,Bicycle Specialists,BICYCLE0001
1890,1690,Bloomington Multisport,BLOOMING0001
1892,1698,Business Equipment Center,BUSINESS0001
1894,1692,Carlson Specialties,CARLSON0001
1896,1504,Chicago Rent-All,CHICAGO0002
1898,1530,Comfort Road Bicycles,COMFORT0001
1900,1694,"Compete, Inc.",COMPETE0002
1902,1548,Consumer Cycles,CONSUMER0001
1904,1658,Crowley Sport,CROWLEY0001
1906,1568,"Custom Frames, Inc.",CUSTOMF0001
1908,1646,Electronic Bike Repair & Supplies,ELECTRON0002
1910,1600,Federal Sport,FEDERAL0001
1912,1570,First Rate Bicycles,FIRSTRA0001
1914,1506,Greenwood Athletic Company,GREENWOO0001
1916,1542,Hill's Bicycle Service,HILLSBI0001
1918,1638,Inline Accessories,INLINEA0001
1920,1510,International,INTERNAT0001
1922,1644,International Sport Assoc.,INTERNAT0003
1924,1584,Trey Research,TREYRE0001
1926,1666,Leaf River Terrain,LEAFRIV0001
1928,1618,Metro Sport Equipment,METROSP0001
1930,1586,Mitchell Sports,MITCHELL0001
1932,1656,Mountain Works,MOUNTAIN0001
1934,1562,Norstan Bike Hut,NORSTAN0001
1936,1682,"Premier Sport, Inc.",PREMIER0001
1938,1684,Professional Athletic Consultants,PROFESSI0001
1940,1614,"Reliance Fitness, Inc.",RELIANCE0001
1942,1622,Speed Corporation,SPEEDCO0001
1944,1608,Sport Playground,SPORTPL0001
1946,1590,SUPERSALES INC.,SUPERSAL0001
1948,1498,"Trikes, Inc.",TRIKES0001
1950,1652,Victory Bikes,VICTORY0001
1952,1538,Vista Road Bikes,VISTARO0001
1954,1554,WestAmerica Bicycle Co.,WESTAMER0001
1956,1580,"Litware, Inc.",LITWARE0001
1958,1494,Allenson Cycles,ALLENSON0001
1960,1654,American Bikes,AMERICAN0002
1962,1678,"Proseware, Inc.",PROSE0001
1964,1492,Australia Bike Retailer,AUSTRALI0001
1966,1540,Bergeron Off-Roads,BERGERON0001
1968,1604,Bike Satellite Inc.,BIKESAT0001
1970,1566,Burnett Road Warriors,BURNETT0001
1972,1560,Capital Road Cycles,CAPITAL0001
1974,1696,Chicago City Saddles,CHICAGO0001
1976,1544,Circuit Cycles,CIRCUIT0001
1978,1508,"Compete Enterprises, Inc",COMPETE0001
1980,1624,Competition Bike Training Systems,COMPETIT0001
1982,1598,Continental Pro Cycles,CONTINEN0001
1984,1536,Cruger Bike Company,CRUGERB0001
1986,1648,Wide World Importers,WIDEWOR0001
1988,1672,Expert Bike Co,EXPERTB0001
1990,1522,First National Sport Co.,FIRSTNA0001
1992,1516,Gardner Touring Cycles,GARDNER0001
1994,1626,Hill Bicycle Center,HILLBIC0001
1996,1610,Hybrid Bicycle Center,HYBRIDB0001
1998,1582,Inner City Bikes,INNERCI0001
2000,1526,International Bicycles,INTERNAT0002
2002,1680,Jackson Authority,JACKSON0001
2004,1620,Lakewood Bicycle,LAKEWOOD0001
2006,1592,Lindell,LINDELL0001
2008,1612,"Midwest Sport, Inc.",MIDWEST0001
2010,1500,Morgan Bike Accessories,MORGANB0001
2012,1572,National Bike Association,NATIONAL0001
2014,1662,Northern Bike Travel,NORTHERN0001
2016,1686,Pro Sport Industries,PROSPOR0001
2018,1534,Ready Rentals,READYRE0001
2020,1588,Signature Cycles,SIGNATUR0001
2022,1632,Sport Fan Co.,SPORTFA0001
2024,1576,Superior Bicycles,SUPERIOR0001
2026,1514,Training Systems,TRAINING0001
2028,1674,Varsity Sport Co.,VARSITY0001
2030,1578,"Vision Cycles, Inc.",VISIONC0001
2032,1556,West Junction Cycles,WESTJUN0001
2034,1688,Wood Fitness,WOODFIT0001
2036,1496,Advanced Bicycles,ADVANCED0001
2038,1650,American Bicycles and Wheels,AMERICAN0001
2040,1664,Anderson's Custom Bikes,ANDERSON0001
2042,1616,Aurora Bike Center,AURORAB0001
2044,1602,Beaumont Bikes,BEAUMONT0001
2046,1628,Bicycle Specialists,BICYCLE0001
2048,1690,Bloomington Multisport,BLOOMING0001
2050,1698,Business Equipment Center,BUSINESS0001
2052,1692,Carlson Specialties,CARLSON0001
2054,1504,Chicago Rent-All,CHICAGO0002
2056,1530,Comfort Road Bicycles,COMFORT0001
2058,1694,"Compete, Inc.",COMPETE0002
2060,1548,Consumer Cycles,CONSUMER0001
2062,1658,Crowley Sport,CROWLEY0001
2064,1568,"Custom Frames, Inc.",CUSTOMF0001
2066,1646,Electronic Bike Repair & Supplies,ELECTRON0002
2068,1600,Federal Sport,FEDERAL0001
2070,1570,First Rate Bicycles,FIRSTRA0001
2072,1506,Greenwood Athletic Company,GREENWOO0001
2074,1542,Hill's Bicycle Service,HILLSBI0001
2076,1638,Inline Accessories,INLINEA0001
2078,1510,International,INTERNAT0001
2080,1644,International Sport Assoc.,INTERNAT0003
2082,1584,Trey Research,TREYRE0001
2084,1666,Leaf River Terrain,LEAFRIV0001
2086,1618,Metro Sport Equipment,METROSP0001
2088,1586,Mitchell Sports,MITCHELL0001
2090,1656,Mountain Works,MOUNTAIN0001
2092,1562,Norstan Bike Hut,NORSTAN0001
2094,1682,"Premier Sport, Inc.",PREMIER0001
2096,1684,Professional Athletic Consultants,PROFESSI0001
2098,1614,"Reliance Fitness, Inc.",RELIANCE0001
2100,1622,Speed Corporation,SPEEDCO0001
2102,1608,Sport Playground,SPORTPL0001
2104,1590,SUPERSALES INC.,SUPERSAL0001
2106,1498,"Trikes, Inc.",TRIKES0001
2108,1652,Victory Bikes,VICTORY0001
2110,1538,Vista Road Bikes,VISTARO0001
2112,1554,WestAmerica Bicycle Co.,WESTAMER0001
2114,1580,"Litware, Inc.",LITWARE0001
2116,1494,Allenson Cycles,ALLENSON0001
2118,1654,American Bikes,AMERICAN0002
2120,1678,"Proseware, Inc.",PROSE0001
2122,1492,Australia Bike Retailer,AUSTRALI0001
2124,1540,Bergeron Off-Roads,BERGERON0001
2126,1604,Bike Satellite Inc.,BIKESAT0001
2128,1566,Burnett Road Warriors,BURNETT0001
2130,1560,Capital Road Cycles,CAPITAL0001
2132,1696,Chicago City Saddles,CHICAGO0001
2134,1544,Circuit Cycles,CIRCUIT0001
2136,1508,"Compete Enterprises, Inc",COMPETE0001
2138,1624,Competition Bike Training Systems,COMPETIT0001
2140,1598,Continental Pro Cycles,CONTINEN0001
2142,1536,Cruger Bike Company,CRUGERB0001
2144,1648,Wide World Importers,WIDEWOR0001
2146,1672,Expert Bike Co,EXPERTB0001
2148,1522,First National Sport Co.,FIRSTNA0001
2150,1516,Gardner Touring Cycles,GARDNER0001
2152,1626,Hill Bicycle Center,HILLBIC0001
2154,1610,Hybrid Bicycle Center,HYBRIDB0001
2156,1582,Inner City Bikes,INNERCI0001
2158,1526,International Bicycles,INTERNAT0002
2160,1680,Jackson Authority,JACKSON0001
2162,1620,Lakewood Bicycle,LAKEWOOD0001
2164,1592,Lindell,LINDELL0001
2166,1612,"Midwest Sport, Inc.",MIDWEST0001
2168,1500,Morgan Bike Accessories,MORGANB0001
2170,1572,National Bike Association,NATIONAL0001
2172,1662,Northern Bike Travel,NORTHERN0001
2174,1686,Pro Sport Industries,PROSPOR0001
2176,1534,Ready Rentals,READYRE0001
2178,1588,Signature Cycles,SIGNATUR0001
2180,1632,Sport Fan Co.,SPORTFA0001
2182,1576,Superior Bicycles,SUPERIOR0001
2184,1514,Training Systems,TRAINING0001
2186,1674,Varsity Sport Co.,VARSITY0001
2188,1578,"Vision Cycles, Inc.",VISIONC0001
2190,1556,West Junction Cycles,WESTJUN0001
2192,1688,Wood Fitness,WOODFIT0001
2194,1496,Advanced Bicycles,ADVANCED0001
2196,1650,American Bicycles and Wheels,AMERICAN0001
2198,1664,Anderson's Custom Bikes,ANDERSON0001
2200,1616,Aurora Bike Center,AURORAB0001
2202,1602,Beaumont Bikes,BEAUMONT0001
2204,1628,Bicycle Specialists,BICYCLE0001
2206,1690,Bloomington Multisport,BLOOMING0001
2208,1698,Business Equipment Center,BUSINESS0001
2210,1692,Carlson Specialties,CARLSON0001
2212,1504,Chicago Rent-All,CHICAGO0002
2214,1530,Comfort Road Bicycles,COMFORT0001
2216,1694,"Compete, Inc.",COMPETE0002
2218,1548,Consumer Cycles,CONSUMER0001
2220,1658,Crowley Sport,CROWLEY0001
2222,1568,"Custom Frames, Inc.",CUSTOMF0001
2224,1646,Electronic Bike Repair & Supplies,ELECTRON0002
2226,1600,Federal Sport,FEDERAL0001
2228,1570,First Rate Bicycles,FIRSTRA0001
2230,1506,Greenwood Athletic Company,GREENWOO0001
2232,1542,Hill's Bicycle Service,HILLSBI0001
2234,1638,Inline Accessories,INLINEA0001
2236,1510,International,INTERNAT0001
2238,1644,International Sport Assoc.,INTERNAT0003
2240,1584,Trey Research,TREYRE0001
2242,1666,Leaf River Terrain,LEAFRIV0001
2244,1618,Metro Sport Equipment,METROSP0001
2246,1586,Mitchell Sports,MITCHELL0001
2248,1656,Mountain Works,MOUNTAIN0001
2250,1562,Norstan Bike Hut,NORSTAN0001
2252,1682,"Premier Sport, Inc.",PREMIER0001
2254,1684,Professional Athletic Consultants,PROFESSI0001
2256,1614,"Reliance Fitness, Inc.",RELIANCE0001
2258,1622,Speed Corporation,SPEEDCO0001
2260,1608,Sport Playground,SPORTPL0001
2262,1590,SUPERSALES INC.,SUPERSAL0001
2264,1498,"Trikes, Inc.",TRIKES0001
2266,1652,Victory Bikes,VICTORY0001
2268,1538,Vista Road Bikes,VISTARO0001
2270,1554,WestAmerica Bicycle Co.,WESTAMER0001
2272,1580,"Litware, Inc.",LITWARE0001
2274,1494,Allenson Cycles,ALLENSON0001
2276,1654,American Bikes,AMERICAN0002
2278,1678,"Proseware, Inc.",PROSE0001
2280,1492,Australia Bike Retailer,AUSTRALI0001
2282,1540,Bergeron Off-Roads,BERGERON0001
2284,1604,Bike Satellite Inc.,BIKESAT0001
2286,1566,Burnett Road Warriors,BURNETT0001
2288,1560,Capital Road Cycles,CAPITAL0001
2290,1696,Chicago City Saddles,CHICAGO0001
2292,1544,Circuit Cycles,CIRCUIT0001
2294,1508,"Compete Enterprises, Inc",COMPETE0001
2296,1624,Competition Bike Training Systems,COMPETIT0001
2298,1598,Continental Pro Cycles,CONTINEN0001
2300,1536,Cruger Bike Company,CRUGERB0001
2302,1648,Wide World Importers,WIDEWOR0001
2304,1672,Expert Bike Co,EXPERTB0001
2306,1522,First National Sport Co.,FIRSTNA0001
2308,1516,Gardner Touring Cycles,GARDNER0001
2310,1626,Hill Bicycle Center,HILLBIC0001
2312,1610,Hybrid Bicycle Center,HYBRIDB0001
2314,1582,Inner City Bikes,INNERCI0001
2316,1526,International Bicycles,INTERNAT0002
2318,1680,Jackson Authority,JACKSON0001
2320,1620,Lakewood Bicycle,LAKEWOOD0001
2322,1592,Lindell,LINDELL0001
2324,1612,"Midwest Sport, Inc.",MIDWEST0001
2326,1500,Morgan Bike Accessories,MORGANB0001
2328,1572,National Bike Association,NATIONAL0001
2330,1662,Northern Bike Travel,NORTHERN0001
2332,1686,Pro Sport Industries,PROSPOR0001
2334,1534,Ready Rentals,READYRE0001
2336,1588,Signature Cycles,SIGNATUR0001
2338,1632,Sport Fan Co.,SPORTFA0001
2340,1576,Superior Bicycles,SUPERIOR0001
2342,1514,Training Systems,TRAINING0001
2344,1674,Varsity Sport Co.,VARSITY0001
2346,1578,"Vision Cycles, Inc.",VISIONC0001
2348,1556,West Junction Cycles,WESTJUN0001
2350,1688,Wood Fitness,WOODFIT0001
2352,1496,Advanced Bicycles,ADVANCED0001
2354,1650,American Bicycles and Wheels,AMERICAN0001
2356,1664,Anderson's Custom Bikes,ANDERSON0001
2358,1616,Aurora Bike Center,AURORAB0001
2360,1602,Beaumont Bikes,BEAUMONT0001
2362,1628,Bicycle Specialists,BICYCLE0001
2364,1690,Bloomington Multisport,BLOOMING0001
2366,1698,Business Equipment Center,BUSINESS0001
2368,1692,Carlson Specialties,CARLSON0001
2370,1504,Chicago Rent-All,CHICAGO0002
2372,1530,Comfort Road Bicycles,COMFORT0001
2374,1694,"Compete, Inc.",COMPETE0002
2376,1548,Consumer Cycles,CONSUMER0001
2378,1658,Crowley Sport,CROWLEY0001
2380,1568,"Custom Frames, Inc.",CUSTOMF0001
2382,1646,Electronic Bike Repair & Supplies,ELECTRON0002
2384,1600,Federal Sport,FEDERAL0001
2386,1570,First Rate Bicycles,FIRSTRA0001
2388,1506,Greenwood Athletic Company,GREENWOO0001
2390,1542,Hill's Bicycle Service,HILLSBI0001
2392,1638,Inline Accessories,INLINEA0001
2394,1510,International,INTERNAT0001
2396,1644,International Sport Assoc.,INTERNAT0003
2398,1584,Trey Research,TREYRE0001
2400,1666,Leaf River Terrain,LEAFRIV0001
2402,1618,Metro Sport Equipment,METROSP0001
2404,1586,Mitchell Sports,MITCHELL0001
2406,1656,Mountain Works,MOUNTAIN0001
2408,1562,Norstan Bike Hut,NORSTAN0001
2410,1682,"Premier Sport, Inc.",PREMIER0001
2412,1684,Professional Athletic Consultants,PROFESSI0001
2414,1614,"Reliance Fitness, Inc.",RELIANCE0001
2416,1622,Speed Corporation,SPEEDCO0001
2418,1608,Sport Playground,SPORTPL0001
2420,1590,SUPERSALES INC.,SUPERSAL0001
2422,1498,"Trikes, Inc.",TRIKES0001
2424,1652,Victory Bikes,VICTORY0001
2426,1538,Vista Road Bikes,VISTARO0001
2428,1554,WestAmerica Bicycle Co.,WESTAMER0001
2430,1580,"Litware, Inc.",LITWARE0001
2432,1494,Allenson Cycles,ALLENSON0001
2434,1654,American Bikes,AMERICAN0002
2436,1678,"Proseware, Inc.",PROSE0001
2438,1492,Australia Bike Retailer,AUSTRALI0001
2440,1540,Bergeron Off-Roads,BERGERON0001
2442,1604,Bike Satellite Inc.,BIKESAT0001
2444,1566,Burnett Road Warriors,BURNETT0001
2446,1560,Capital Road Cycles,CAPITAL0001
2448,1696,Chicago City Saddles,CHICAGO0001
2450,1544,Circuit Cycles,CIRCUIT0001
2452,1508,"Compete Enterprises, Inc",COMPETE0001
2454,1624,Competition Bike Training Systems,COMPETIT0001
2456,1598,Continental Pro Cycles,CONTINEN0001
2458,1536,Cruger Bike Company,CRUGERB0001
2460,1648,Wide World Importers,WIDEWOR0001
2462,1672,Expert Bike Co,EXPERTB0001
2464,1522,First National Sport Co.,FIRSTNA0001
2466,1516,Gardner Touring Cycles,GARDNER0001
2468,1626,Hill Bicycle Center,HILLBIC0001
2470,1610,Hybrid Bicycle Center,HYBRIDB0001
2472,1582,Inner City Bikes,INNERCI0001
2474,1526,International Bicycles,INTERNAT0002
2476,1680,Jackson Authority,JACKSON0001
2478,1620,Lakewood Bicycle,LAKEWOOD0001
2480,1592,Lindell,LINDELL0001
2482,1612,"Midwest Sport, Inc.",MIDWEST0001
2484,1500,Morgan Bike Accessories,MORGANB0001
2486,1572,National Bike Association,NATIONAL0001
2488,1662,Northern Bike Travel,NORTHERN0001
2490,1686,Pro Sport Industries,PROSPOR0001
2492,1534,Ready Rentals,READYRE0001
2494,1588,Signature Cycles,SIGNATUR0001
2496,1632,Sport Fan Co.,SPORTFA0001
2498,1576,Superior Bicycles,SUPERIOR0001
2500,1514,Training Systems,TRAINING0001
2502,1674,Varsity Sport Co.,VARSITY0001
2504,1578,"Vision Cycles, Inc.",VISIONC0001
2506,1556,West Junction Cycles,WESTJUN0001
2508,1688,Wood Fitness,WOODFIT0001
2510,1496,Advanced Bicycles,ADVANCED0001
2512,1650,American Bicycles and Wheels,AMERICAN0001
2514,1664,Anderson's Custom Bikes,ANDERSON0001
2516,1616,Aurora Bike Center,AURORAB0001
2518,1602,Beaumont Bikes,BEAUMONT0001
2520,1628,Bicycle Specialists,BICYCLE0001
2522,1690,Bloomington Multisport,BLOOMING0001
2524,1698,Business Equipment Center,BUSINESS0001
2526,1692,Carlson Specialties,CARLSON0001
2528,1504,Chicago Rent-All,CHICAGO0002
2530,1530,Comfort Road Bicycles,COMFORT0001
2532,1694,"Compete, Inc.",COMPETE0002
2534,1548,Consumer Cycles,CONSUMER0001
2536,1658,Crowley Sport,CROWLEY0001
2538,1568,"Custom Frames, Inc.",CUSTOMF0001
2540,1646,Electronic Bike Repair & Supplies,ELECTRON0002
2542,1600,Federal Sport,FEDERAL0001
2544,1570,First Rate Bicycles,FIRSTRA0001
2546,1506,Greenwood Athletic Company,GREENWOO0001
2548,1542,Hill's Bicycle Service,HILLSBI0001
2550,1638,Inline Accessories,INLINEA0001
2552,1510,International,INTERNAT0001
2554,1644,International Sport Assoc.,INTERNAT0003
2556,1584,Trey Research,TREYRE0001
2558,1666,Leaf River Terrain,LEAFRIV0001
2560,1618,Metro Sport Equipment,METROSP0001
2562,1586,Mitchell Sports,MITCHELL0001
2564,1656,Mountain Works,MOUNTAIN0001
2566,1562,Norstan Bike Hut,NORSTAN0001
2568,1682,"Premier Sport, Inc.",PREMIER0001
2570,1684,Professional Athletic Consultants,PROFESSI0001
2572,1614,"Reliance Fitness, Inc.",RELIANCE0001
2574,1622,Speed Corporation,SPEEDCO0001
2576,1608,Sport Playground,SPORTPL0001
2578,1590,SUPERSALES INC.,SUPERSAL0001
2580,1498,"Trikes, Inc.",TRIKES0001
2582,1652,Victory Bikes,VICTORY0001
2584,1538,Vista Road Bikes,VISTARO0001
2586,1554,WestAmerica Bicycle Co.,WESTAMER0001
2588,1580,"Litware, Inc.",LITWARE0001
2590,1494,Allenson Cycles,ALLENSON0001
2592,1654,American Bikes,AMERICAN0002
2594,1678,"Proseware, Inc.",PROSE0001
2596,1492,Australia Bike Retailer,AUSTRALI0001
2598,1540,Bergeron Off-Roads,BERGERON0001
2600,1604,Bike Satellite Inc.,BIKESAT0001
2602,1566,Burnett Road Warriors,BURNETT0001
2604,1560,Capital Road Cycles,CAPITAL0001
2606,1696,Chicago City Saddles,CHICAGO0001
2608,1544,Circuit Cycles,CIRCUIT0001
2610,1508,"Compete Enterprises, Inc",COMPETE0001
2612,1624,Competition Bike Training Systems,COMPETIT0001
2614,1598,Continental Pro Cycles,CONTINEN0001
2616,1536,Cruger Bike Company,CRUGERB0001
2618,1648,Wide World Importers,WIDEWOR0001
2620,1672,Expert Bike Co,EXPERTB0001
2622,1522,First National Sport Co.,FIRSTNA0001
2624,1516,Gardner Touring Cycles,GARDNER0001
2626,1626,Hill Bicycle Center,HILLBIC0001
2628,1610,Hybrid Bicycle Center,HYBRIDB0001
2630,1582,Inner City Bikes,INNERCI0001
2632,1526,International Bicycles,INTERNAT0002
2634,1680,Jackson Authority,JACKSON0001
2636,1620,Lakewood Bicycle,LAKEWOOD0001
2638,1592,Lindell,LINDELL0001
2640,1612,"Midwest Sport, Inc.",MIDWEST0001
2642,1500,Morgan Bike Accessories,MORGANB0001
2644,1572,National Bike Association,NATIONAL0001
2646,1662,Northern Bike Travel,NORTHERN0001
2648,1686,Pro Sport Industries,PROSPOR0001
2650,1534,Ready Rentals,READYRE0001
2652,1588,Signature Cycles,SIGNATUR0001
2654,1632,Sport Fan Co.,SPORTFA0001
2656,1576,Superior Bicycles,SUPERIOR0001
2658,1514,Training Systems,TRAINING0001
2660,1674,Varsity Sport Co.,VARSITY0001
2662,1578,"Vision Cycles, Inc.",VISIONC0001
2664,1556,West Junction Cycles,WESTJUN0001
2666,1688,Wood Fitness,WOODFIT0001
2668,1496,Advanced Bicycles,ADVANCED0001
2670,1650,American Bicycles and Wheels,AMERICAN0001
2672,1664,Anderson's Custom Bikes,ANDERSON0001
2674,1616,Aurora Bike Center,AURORAB0001
2676,1602,Beaumont Bikes,BEAUMONT0001
2678,1628,Bicycle Specialists,BICYCLE0001
2680,1690,Bloomington Multisport,BLOOMING0001
2682,1698,Business Equipment Center,BUSINESS0001
2684,1692,Carlson Specialties,CARLSON0001
2686,1504,Chicago Rent-All,CHICAGO0002
2688,1530,Comfort Road Bicycles,COMFORT0001
2690,1694,"Compete, Inc.",COMPETE0002
2692,1548,Consumer Cycles,CONSUMER0001
2694,1658,Crowley Sport,CROWLEY0001
2696,1568,"Custom Frames, Inc.",CUSTOMF0001
2698,1646,Electronic Bike Repair & Supplies,ELECTRON0002
2700,1600,Federal Sport,FEDERAL0001
2702,1570,First Rate Bicycles,FIRSTRA0001
2704,1506,Greenwood Athletic Company,GREENWOO0001
2706,1542,Hill's Bicycle Service,HILLSBI0001
2708,1638,Inline Accessories,INLINEA0001
2710,1510,International,INTERNAT0001
2712,1644,International Sport Assoc.,INTERNAT0003
2714,1584,Trey Research,TREYRE0001
2716,1666,Leaf River Terrain,LEAFRIV0001
2718,1618,Metro Sport Equipment,METROSP0001
2720,1586,Mitchell Sports,MITCHELL0001
2722,1656,Mountain Works,MOUNTAIN0001
2724,1562,Norstan Bike Hut,NORSTAN0001
2726,1682,"Premier Sport, Inc.",PREMIER0001
2728,1684,Professional Athletic Consultants,PROFESSI0001
2730,1614,"Reliance Fitness, Inc.",RELIANCE0001
2732,1622,Speed Corporation,SPEEDCO0001
2734,1608,Sport Playground,SPORTPL0001
2736,1590,SUPERSALES INC.,SUPERSAL0001
2738,1498,"Trikes, Inc.",TRIKES0001
2740,1652,Victory Bikes,VICTORY0001
2742,1538,Vista Road Bikes,VISTARO0001
2744,1554,WestAmerica Bicycle Co.,WESTAMER0001
2746,1580,"Litware, Inc.",LITWARE0001
2748,1494,Allenson Cycles,ALLENSON0001
2750,1654,American Bikes,AMERICAN0002
2752,1678,"Proseware, Inc.",PROSE0001
2754,1492,Australia Bike Retailer,AUSTRALI0001
2756,1540,Bergeron Off-Roads,BERGERON0001
2758,1604,Bike Satellite Inc.,BIKESAT0001
2760,1566,Burnett Road Warriors,BURNETT0001
2762,1560,Capital Road Cycles,CAPITAL0001
2764,1696,Chicago City Saddles,CHICAGO0001
2766,1544,Circuit Cycles,CIRCUIT0001
2768,1508,"Compete Enterprises, Inc",COMPETE0001
2770,1624,Competition Bike Training Systems,COMPETIT0001
2772,1598,Continental Pro Cycles,CONTINEN0001
2774,1536,Cruger Bike Company,CRUGERB0001
2776,1648,Wide World Importers,WIDEWOR0001
2778,1672,Expert Bike Co,EXPERTB0001
2780,1522,First National Sport Co.,FIRSTNA0001
2782,1516,Gardner Touring Cycles,GARDNER0001
2784,1626,Hill Bicycle Center,HILLBIC0001
2786,1610,Hybrid Bicycle Center,HYBRIDB0001
2788,1582,Inner City Bikes,INNERCI0001
2790,1526,International Bicycles,INTERNAT0002
2792,1680,Jackson Authority,JACKSON0001
2794,1620,Lakewood Bicycle,LAKEWOOD0001
2796,1592,Lindell,LINDELL0001
2798,1612,"Midwest Sport, Inc.",MIDWEST0001
2800,1500,Morgan Bike Accessories,MORGANB0001
2802,1572,National Bike Association,NATIONAL0001
2804,1662,Northern Bike Travel,NORTHERN0001
2806,1686,Pro Sport Industries,PROSPOR0001
2808,1534,Ready Rentals,READYRE0001
2810,1588,Signature Cycles,SIGNATUR0001
2812,1632,Sport Fan Co.,SPORTFA0001
2814,1576,Superior Bicycles,SUPERIOR0001
2816,1514,Training Systems,TRAINING0001
2818,1674,Varsity Sport Co.,VARSITY0001
2820,1578,"Vision Cycles, Inc.",VISIONC0001
2822,1556,West Junction Cycles,WESTJUN0001
2824,1688,Wood Fitness,WOODFIT0001
2826,1496,Advanced Bicycles,ADVANCED0001
2828,1650,American Bicycles and Wheels,AMERICAN0001
2830,1664,Anderson's Custom Bikes,ANDERSON0001
2832,1616,Aurora Bike Center,AURORAB0001
2834,1602,Beaumont Bikes,BEAUMONT0001
2836,1628,Bicycle Specialists,BICYCLE0001
2838,1690,Bloomington Multisport,BLOOMING0001
2840,1698,Business Equipment Center,BUSINESS0001
2842,1692,Carlson Specialties,CARLSON0001
2844,1504,Chicago Rent-All,CHICAGO0002
2846,1530,Comfort Road Bicycles,COMFORT0001
2848,1694,"Compete, Inc.",COMPETE0002
2850,1548,Consumer Cycles,CONSUMER0001
2852,1658,Crowley Sport,CROWLEY0001
2854,1568,"Custom Frames, Inc.",CUSTOMF0001
2856,1646,Electronic Bike Repair & Supplies,ELECTRON0002
2858,1600,Federal Sport,FEDERAL0001
2860,1570,First Rate Bicycles,FIRSTRA0001
2862,1506,Greenwood Athletic Company,GREENWOO0001
2864,1542,Hill's Bicycle Service,HILLSBI0001
2866,1638,Inline Accessories,INLINEA0001
2868,1510,International,INTERNAT0001
2870,1644,International Sport Assoc.,INTERNAT0003
2872,1584,Trey Research,TREYRE0001
2874,1666,Leaf River Terrain,LEAFRIV0001
2876,1618,Metro Sport Equipment,METROSP0001
2878,1586,Mitchell Sports,MITCHELL0001
2880,1656,Mountain Works,MOUNTAIN0001
2882,1562,Norstan Bike Hut,NORSTAN0001
2884,1682,"Premier Sport, Inc.",PREMIER0001
2886,1684,Professional Athletic Consultants,PROFESSI0001
2888,1614,"Reliance Fitness, Inc.",RELIANCE0001
2890,1622,Speed Corporation,SPEEDCO0001
2892,1608,Sport Playground,SPORTPL0001
2894,1590,SUPERSALES INC.,SUPERSAL0001
2896,1498,"Trikes, Inc.",TRIKES0001
2898,1652,Victory Bikes,VICTORY0001
2900,1538,Vista Road Bikes,VISTARO0001
2902,1554,WestAmerica Bicycle Co.,WESTAMER0001
2904,1580,"Litware, Inc.",LITWARE0001
2906,1494,Allenson Cycles,ALLENSON0001
2908,1654,American Bikes,AMERICAN0002
2910,1678,"Proseware, Inc.",PROSE0001
2912,1492,Australia Bike Retailer,AUSTRALI0001
2914,1540,Bergeron Off-Roads,BERGERON0001
2916,1604,Bike Satellite Inc.,BIKESAT0001
2918,1566,Burnett Road Warriors,BURNETT0001
2920,1560,Capital Road Cycles,CAPITAL0001
2922,1696,Chicago City Saddles,CHICAGO0001
2924,1544,Circuit Cycles,CIRCUIT0001
2926,1508,"Compete Enterprises, Inc",COMPETE0001
2928,1624,Competition Bike Training Systems,COMPETIT0001
2930,1598,Continental Pro Cycles,CONTINEN0001
2932,1536,Cruger Bike Company,CRUGERB0001
2934,1648,Wide World Importers,WIDEWOR0001
2936,1672,Expert Bike Co,EXPERTB0001
2938,1522,First National Sport Co.,FIRSTNA0001
2940,1516,Gardner Touring Cycles,GARDNER0001
2942,1626,Hill Bicycle Center,HILLBIC0001
2944,1610,Hybrid Bicycle Center,HYBRIDB0001
2946,1582,Inner City Bikes,INNERCI0001
2948,1526,International Bicycles,INTERNAT0002
2950,1680,Jackson Authority,JACKSON0001
2952,1620,Lakewood Bicycle,LAKEWOOD0001
2954,1592,Lindell,LINDELL0001
2956,1612,"Midwest Sport, Inc.",MIDWEST0001
2958,1500,Morgan Bike Accessories,MORGANB0001
2960,1572,National Bike Association,NATIONAL0001
2962,1662,Northern Bike Travel,NORTHERN0001
2964,1686,Pro Sport Industries,PROSPOR0001
2966,1534,Ready Rentals,READYRE0001
2968,1588,Signature Cycles,SIGNATUR0001
2970,1632,Sport Fan Co.,SPORTFA0001
2972,1576,Superior Bicycles,SUPERIOR0001
2974,1514,Training Systems,TRAINING0001
2976,1674,Varsity Sport Co.,VARSITY0001
2978,1578,"Vision Cycles, Inc.",VISIONC0001
2980,1556,West Junction Cycles,WESTJUN0001
2982,1688,Wood Fitness,WOODFIT0001
2984,1496,Advanced Bicycles,ADVANCED0001
2986,1650,American Bicycles and Wheels,AMERICAN0001
2988,1664,Anderson's Custom Bikes,ANDERSON0001
2990,1616,Aurora Bike Center,AURORAB0001
2992,1602,Beaumont Bikes,BEAUMONT0001
2994,1628,Bicycle Specialists,BICYCLE0001
2996,1690,Bloomington Multisport,BLOOMING0001
2998,1698,Business Equipment Center,BUSINESS0001
3000,1692,Carlson Specialties,CARLSON0001
3002,1504,Chicago Rent-All,CHICAGO0002
3004,1530,Comfort Road Bicycles,COMFORT0001
3006,1694,"Compete, Inc.",COMPETE0002
3008,1548,Consumer Cycles,CONSUMER0001
3010,1658,Crowley Sport,CROWLEY0001
3012,1568,"Custom Frames, Inc.",CUSTOMF0001
3014,1646,Electronic Bike Repair & Supplies,ELECTRON0002
3016,1600,Federal Sport,FEDERAL0001
3018,1570,First Rate Bicycles,FIRSTRA0001
3020,1506,Greenwood Athletic Company,GREENWOO0001
3022,1542,Hill's Bicycle Service,HILLSBI0001
3024,1638,Inline Accessories,INLINEA0001
3026,1510,International,INTERNAT0001
3028,1644,International Sport Assoc.,INTERNAT0003
3030,1584,Trey Research,TREYRE0001
3032,1666,Leaf River Terrain,LEAFRIV0001
3034,1618,Metro Sport Equipment,METROSP0001
3036,1586,Mitchell Sports,MITCHELL0001
3038,1656,Mountain Works,MOUNTAIN0001
3040,1562,Norstan Bike Hut,NORSTAN0001
3042,1682,"Premier Sport, Inc.",PREMIER0001
3044,1684,Professional Athletic Consultants,PROFESSI0001
3046,1614,"Reliance Fitness, Inc.",RELIANCE0001
3048,1622,Speed Corporation,SPEEDCO0001
3050,1608,Sport Playground,SPORTPL0001
3052,1590,SUPERSALES INC.,SUPERSAL0001
3054,1498,"Trikes, Inc.",TRIKES0001
3056,1652,Victory Bikes,VICTORY0001
3058,1538,Vista Road Bikes,VISTARO0001
3060,1554,WestAmerica Bicycle Co.,WESTAMER0001
3062,1580,"Litware, Inc.",LITWARE0001
3064,1494,Allenson Cycles,ALLENSON0001
3066,1654,American Bikes,AMERICAN0002
3068,1678,"Proseware, Inc.",PROSE0001
3070,1492,Australia Bike Retailer,AUSTRALI0001
3072,1540,Bergeron Off-Roads,BERGERON0001
3074,1604,Bike Satellite Inc.,BIKESAT0001
3076,1566,Burnett Road Warriors,BURNETT0001
3078,1560,Capital Road Cycles,CAPITAL0001
3080,1696,Chicago City Saddles,CHICAGO0001
3082,1544,Circuit Cycles,CIRCUIT0001
3084,1508,"Compete Enterprises, Inc",COMPETE0001
3086,1624,Competition Bike Training Systems,COMPETIT0001
3088,1598,Continental Pro Cycles,CONTINEN0001
3090,1536,Cruger Bike Company,CRUGERB0001
3092,1648,Wide World Importers,WIDEWOR0001
3094,1672,Expert Bike Co,EXPERTB0001
3096,1522,First National Sport Co.,FIRSTNA0001
3098,1516,Gardner Touring Cycles,GARDNER0001
3100,1626,Hill Bicycle Center,HILLBIC0001
3102,1610,Hybrid Bicycle Center,HYBRIDB0001
3104,1582,Inner City Bikes,INNERCI0001
3106,1526,International Bicycles,INTERNAT0002
3108,1680,Jackson Authority,JACKSON0001
3110,1620,Lakewood Bicycle,LAKEWOOD0001
3112,1592,Lindell,LINDELL0001
3114,1612,"Midwest Sport, Inc.",MIDWEST0001
3116,1500,Morgan Bike Accessories,MORGANB0001
3118,1572,National Bike Association,NATIONAL0001
3120,1662,Northern Bike Travel,NORTHERN0001
3122,1686,Pro Sport Industries,PROSPOR0001
3124,1534,Ready Rentals,READYRE0001
3126,1588,Signature Cycles,SIGNATUR0001
3128,1632,Sport Fan Co.,SPORTFA0001
3130,1576,Superior Bicycles,SUPERIOR0001
3132,1514,Training Systems,TRAINING0001
3134,1674,Varsity Sport Co.,VARSITY0001
3136,1578,"Vision Cycles, Inc.",VISIONC0001
3138,1556,West Junction Cycles,WESTJUN0001
3140,1688,Wood Fitness,WOODFIT0001
3142,1496,Advanced Bicycles,ADVANCED0001
3144,1650,American Bicycles and Wheels,AMERICAN0001
3146,1664,Anderson's Custom Bikes,ANDERSON0001
3148,1616,Aurora Bike Center,AURORAB0001
3150,1602,Beaumont Bikes,BEAUMONT0001
3152,1628,Bicycle Specialists,BICYCLE0001
3154,1690,Bloomington Multisport,BLOOMING0001
3156,1698,Business Equipment Center,BUSINESS0001
3158,1692,Carlson Specialties,CARLSON0001
3160,1504,Chicago Rent-All,CHICAGO0002
3162,1530,Comfort Road Bicycles,COMFORT0001
3164,1694,"Compete, Inc.",COMPETE0002
3166,1548,Consumer Cycles,CONSUMER0001
3168,1658,Crowley Sport,CROWLEY0001
3170,1568,"Custom Frames, Inc.",CUSTOMF0001
3172,1646,Electronic Bike Repair & Supplies,ELECTRON0002
3174,1600,Federal Sport,FEDERAL0001
3176,1570,First Rate Bicycles,FIRSTRA0001
3178,1506,Greenwood Athletic Company,GREENWOO0001
3180,1542,Hill's Bicycle Service,HILLSBI0001
3182,1638,Inline Accessories,INLINEA0001
3184,1510,International,INTERNAT0001
3186,1644,International Sport Assoc.,INTERNAT0003
3188,1584,Trey Research,TREYRE0001
3190,1666,Leaf River Terrain,LEAFRIV0001
3192,1618,Metro Sport Equipment,METROSP0001
3194,1586,Mitchell Sports,MITCHELL0001
3196,1656,Mountain Works,MOUNTAIN0001
3198,1562,Norstan Bike Hut,NORSTAN0001
3200,1682,"Premier Sport, Inc.",PREMIER0001
3202,1684,Professional Athletic Consultants,PROFESSI0001
3204,1614,"Reliance Fitness, Inc.",RELIANCE0001
3206,1622,Speed Corporation,SPEEDCO0001
3208,1608,Sport Playground,SPORTPL0001
3210,1590,SUPERSALES INC.,SUPERSAL0001
3212,1498,"Trikes, Inc.",TRIKES0001
3214,1652,Victory Bikes,VICTORY0001
3216,1538,Vista Road Bikes,VISTARO0001
3218,1554,WestAmerica Bicycle Co.,WESTAMER0001
3220,1580,"Litware, Inc.",LITWARE0001
3222,1494,Allenson Cycles,ALLENSON0001
3224,1654,American Bikes,AMERICAN0002
3226,1678,"Proseware, Inc.",PROSE0001
3228,1492,Australia Bike Retailer,AUSTRALI0001
3230,1540,Bergeron Off-Roads,BERGERON0001
3232,1604,Bike Satellite Inc.,BIKESAT0001
3234,1566,Burnett Road Warriors,BURNETT0001
3236,1560,Capital Road Cycles,CAPITAL0001
3238,1696,Chicago City Saddles,CHICAGO0001
3240,1544,Circuit Cycles,CIRCUIT0001
3242,1508,"Compete Enterprises, Inc",COMPETE0001
3244,1624,Competition Bike Training Systems,COMPETIT0001
3246,1598,Continental Pro Cycles,CONTINEN0001
3248,1536,Cruger Bike Company,CRUGERB0001
3250,1648,Wide World Importers,WIDEWOR0001
3252,1672,Expert Bike Co,EXPERTB0001
3254,1522,First National Sport Co.,FIRSTNA0001
3256,1516,Gardner Touring Cycles,GARDNER0001
3258,1626,Hill Bicycle Center,HILLBIC0001
3260,1610,Hybrid Bicycle Center,HYBRIDB0001
3262,1582,Inner City Bikes,INNERCI0001
3264,1526,International Bicycles,INTERNAT0002
3266,1680,Jackson Authority,JACKSON0001
3268,1620,Lakewood Bicycle,LAKEWOOD0001
3270,1592,Lindell,LINDELL0001
3272,1612,"Midwest Sport, Inc.",MIDWEST0001
3274,1500,Morgan Bike Accessories,MORGANB0001
3276,1572,National Bike Association,NATIONAL0001
3278,1662,Northern Bike Travel,NORTHERN0001
3280,1686,Pro Sport Industries,PROSPOR0001
3282,1534,Ready Rentals,READYRE0001
3284,1588,Signature Cycles,SIGNATUR0001
3286,1632,Sport Fan Co.,SPORTFA0001
3288,1576,Superior Bicycles,SUPERIOR0001
3290,1514,Training Systems,TRAINING0001
3292,1674,Varsity Sport Co.,VARSITY0001
3294,1578,"Vision Cycles, Inc.",VISIONC0001
3296,1556,West Junction Cycles,WESTJUN0001
3298,1688,Wood Fitness,WOODFIT0001
3300,1496,Advanced Bicycles,ADVANCED0001
3302,1650,American Bicycles and Wheels,AMERICAN0001
3304,1664,Anderson's Custom Bikes,ANDERSON0001
3306,1616,Aurora Bike Center,AURORAB0001
3308,1602,Beaumont Bikes,BEAUMONT0001
3310,1628,Bicycle Specialists,BICYCLE0001
3312,1690,Bloomington Multisport,BLOOMING0001
3314,1698,Business Equipment Center,BUSINESS0001
3316,1692,Carlson Specialties,CARLSON0001
3318,1504,Chicago Rent-All,CHICAGO0002
3320,1530,Comfort Road Bicycles,COMFORT0001
3322,1694,"Compete, Inc.",COMPETE0002
3324,1548,Consumer Cycles,CONSUMER0001
3326,1658,Crowley Sport,CROWLEY0001
3328,1568,"Custom Frames, Inc.",CUSTOMF0001
3330,1646,Electronic Bike Repair & Supplies,ELECTRON0002
3332,1600,Federal Sport,FEDERAL0001
3334,1570,First Rate Bicycles,FIRSTRA0001
3336,1506,Greenwood Athletic Company,GREENWOO0001
3338,1542,Hill's Bicycle Service,HILLSBI0001
3340,1638,Inline Accessories,INLINEA0001
3342,1510,International,INTERNAT0001
3344,1644,International Sport Assoc.,INTERNAT0003
3346,1584,Trey Research,TREYRE0001
3348,1666,Leaf River Terrain,LEAFRIV0001
3350,1618,Metro Sport Equipment,METROSP0001
3352,1586,Mitchell Sports,MITCHELL0001
3354,1656,Mountain Works,MOUNTAIN0001
3356,1562,Norstan Bike Hut,NORSTAN0001
3358,1682,"Premier Sport, Inc.",PREMIER0001
3360,1684,Professional Athletic Consultants,PROFESSI0001
3362,1614,"Reliance Fitness, Inc.",RELIANCE0001
3364,1622,Speed Corporation,SPEEDCO0001
3366,1608,Sport Playground,SPORTPL0001
3368,1590,SUPERSALES INC.,SUPERSAL0001
3370,1498,"Trikes, Inc.",TRIKES0001
3372,1652,Victory Bikes,VICTORY0001
3374,1538,Vista Road Bikes,VISTARO0001
3376,1554,WestAmerica Bicycle Co.,WESTAMER0001
3378,1580,"Litware, Inc.",LITWARE0001
3380,1494,Allenson Cycles,ALLENSON0001
3382,1654,American Bikes,AMERICAN0002
3384,1678,"Proseware, Inc.",PROSE0001
3386,1492,Australia Bike Retailer,AUSTRALI0001
3388,1540,Bergeron Off-Roads,BERGERON0001
3390,1604,Bike Satellite Inc.,BIKESAT0001
3392,1566,Burnett Road Warriors,BURNETT0001
3394,1560,Capital Road Cycles,CAPITAL0001
3396,1696,Chicago City Saddles,CHICAGO0001
3398,1544,Circuit Cycles,CIRCUIT0001
3400,1508,"Compete Enterprises, Inc",COMPETE0001
3402,1624,Competition Bike Training Systems,COMPETIT0001
3404,1598,Continental Pro Cycles,CONTINEN0001
3406,1536,Cruger Bike Company,CRUGERB0001
3408,1648,Wide World Importers,WIDEWOR0001
3410,1672,Expert Bike Co,EXPERTB0001
3412,1522,First National Sport Co.,FIRSTNA0001
3414,1516,Gardner Touring Cycles,GARDNER0001
3416,1626,Hill Bicycle Center,HILLBIC0001
3418,1610,Hybrid Bicycle Center,HYBRIDB0001
3420,1582,Inner City Bikes,INNERCI0001
3422,1526,International Bicycles,INTERNAT0002
3424,1680,Jackson Authority,JACKSON0001
3426,1620,Lakewood Bicycle,LAKEWOOD0001
3428,1592,Lindell,LINDELL0001
3430,1612,"Midwest Sport, Inc.",MIDWEST0001
3432,1500,Morgan Bike Accessories,MORGANB0001
3434,1572,National Bike Association,NATIONAL0001
3436,1662,Northern Bike Travel,NORTHERN0001
3438,1686,Pro Sport Industries,PROSPOR0001
3440,1534,Ready Rentals,READYRE0001
3442,1588,Signature Cycles,SIGNATUR0001
3444,1632,Sport Fan Co.,SPORTFA0001
3446,1576,Superior Bicycles,SUPERIOR0001
3448,1514,Training Systems,TRAINING0001
3450,1674,Varsity Sport Co.,VARSITY0001
3452,1578,"Vision Cycles, Inc.",VISIONC0001
3454,1556,West Junction Cycles,WESTJUN0001
3456,1688,Wood Fitness,WOODFIT0001
3458,1496,Advanced Bicycles,ADVANCED0001
3460,1650,American Bicycles and Wheels,AMERICAN0001
3462,1664,Anderson's Custom Bikes,ANDERSON0001
3464,1616,Aurora Bike Center,AURORAB0001
3466,1602,Beaumont Bikes,BEAUMONT0001
3468,1628,Bicycle Specialists,BICYCLE0001
3470,1690,Bloomington Multisport,BLOOMING0001
3472,1698,Business Equipment Center,BUSINESS0001
3474,1692,Carlson Specialties,CARLSON0001
3476,1504,Chicago Rent-All,CHICAGO0002
3478,1530,Comfort Road Bicycles,COMFORT0001
3480,1694,"Compete, Inc.",COMPETE0002
3482,1548,Consumer Cycles,CONSUMER0001
3484,1658,Crowley Sport,CROWLEY0001
3486,1568,"Custom Frames, Inc.",CUSTOMF0001
3488,1646,Electronic Bike Repair & Supplies,ELECTRON0002
3490,1600,Federal Sport,FEDERAL0001
3492,1570,First Rate Bicycles,FIRSTRA0001
3494,1506,Greenwood Athletic Company,GREENWOO0001
3496,1542,Hill's Bicycle Service,HILLSBI0001
3498,1638,Inline Accessories,INLINEA0001
3500,1510,International,INTERNAT0001
3502,1644,International Sport Assoc.,INTERNAT0003
3504,1584,Trey Research,TREYRE0001
3506,1666,Leaf River Terrain,LEAFRIV0001
3508,1618,Metro Sport Equipment,METROSP0001
3510,1586,Mitchell Sports,MITCHELL0001
3512,1656,Mountain Works,MOUNTAIN0001
3514,1562,Norstan Bike Hut,NORSTAN0001
3516,1682,"Premier Sport, Inc.",PREMIER0001
3518,1684,Professional Athletic Consultants,PROFESSI0001
3520,1614,"Reliance Fitness, Inc.",RELIANCE0001
3522,1622,Speed Corporation,SPEEDCO0001
3524,1608,Sport Playground,SPORTPL0001
3526,1590,SUPERSALES INC.,SUPERSAL0001
3528,1498,"Trikes, Inc.",TRIKES0001
3530,1652,Victory Bikes,VICTORY0001
3532,1538,Vista Road Bikes,VISTARO0001
3534,1554,WestAmerica Bicycle Co.,WESTAMER0001
3536,1580,"Litware, Inc.",LITWARE0001
3538,1494,Allenson Cycles,ALLENSON0001
3540,1654,American Bikes,AMERICAN0002
3542,1678,"Proseware, Inc.",PROSE0001
3544,1492,Australia Bike Retailer,AUSTRALI0001
3546,1540,Bergeron Off-Roads,BERGERON0001
3548,1604,Bike Satellite Inc.,BIKESAT0001
3550,1566,Burnett Road Warriors,BURNETT0001
3552,1560,Capital Road Cycles,CAPITAL0001
3554,1696,Chicago City Saddles,CHICAGO0001
3556,1544,Circuit Cycles,CIRCUIT0001
3558,1508,"Compete Enterprises, Inc",COMPETE0001
3560,1624,Competition Bike Training Systems,COMPETIT0001
3562,1598,Continental Pro Cycles,CONTINEN0001
3564,1536,Cruger Bike Company,CRUGERB0001
3566,1648,Wide World Importers,WIDEWOR0001
3568,1672,Expert Bike Co,EXPERTB0001
3570,1522,First National Sport Co.,FIRSTNA0001
3572,1516,Gardner Touring Cycles,GARDNER0001
3574,1626,Hill Bicycle Center,HILLBIC0001
3576,1610,Hybrid Bicycle Center,HYBRIDB0001
3578,1582,Inner City Bikes,INNERCI0001
3580,1526,International Bicycles,INTERNAT0002
3582,1680,Jackson Authority,JACKSON0001
3584,1620,Lakewood Bicycle,LAKEWOOD0001
3586,1592,Lindell,LINDELL0001
3588,1612,"Midwest Sport, Inc.",MIDWEST0001
3590,1500,Morgan Bike Accessories,MORGANB0001
3592,1572,National Bike Association,NATIONAL0001
3594,1662,Northern Bike Travel,NORTHERN0001
3596,1686,Pro Sport Industries,PROSPOR0001
3598,1534,Ready Rentals,READYRE0001
3600,1588,Signature Cycles,SIGNATUR0001
3602,1632,Sport Fan Co.,SPORTFA0001
3604,1576,Superior Bicycles,SUPERIOR0001
3606,1514,Training Systems,TRAINING0001
3608,1674,Varsity Sport Co.,VARSITY0001
3610,1578,"Vision Cycles, Inc.",VISIONC0001
3612,1556,West Junction Cycles,WESTJUN0001
3614,1688,Wood Fitness,WOODFIT0001
3616,1496,Advanced Bicycles,ADVANCED0001
3618,1650,American Bicycles and Wheels,AMERICAN0001
3620,1664,Anderson's Custom Bikes,ANDERSON0001
3622,1616,Aurora Bike Center,AURORAB0001
3624,1602,Beaumont Bikes,BEAUMONT0001
3626,1628,Bicycle Specialists,BICYCLE0001
3628,1690,Bloomington Multisport,BLOOMING0001
3630,1698,Business Equipment Center,BUSINESS0001
3632,1692,Carlson Specialties,CARLSON0001
3634,1504,Chicago Rent-All,CHICAGO0002
3636,1530,Comfort Road Bicycles,COMFORT0001
3638,1694,"Compete, Inc.",COMPETE0002
3640,1548,Consumer Cycles,CONSUMER0001
3642,1658,Crowley Sport,CROWLEY0001
3644,1568,"Custom Frames, Inc.",CUSTOMF0001
3646,1646,Electronic Bike Repair & Supplies,ELECTRON0002
3648,1600,Federal Sport,FEDERAL0001
3650,1570,First Rate Bicycles,FIRSTRA0001
3652,1506,Greenwood Athletic Company,GREENWOO0001
3654,1542,Hill's Bicycle Service,HILLSBI0001
3656,1638,Inline Accessories,INLINEA0001
3658,1510,International,INTERNAT0001
3660,1644,International Sport Assoc.,INTERNAT0003
3662,1584,Trey Research,TREYRE0001
3664,1666,Leaf River Terrain,LEAFRIV0001
3666,1618,Metro Sport Equipment,METROSP0001
3668,1586,Mitchell Sports,MITCHELL0001
3670,1656,Mountain Works,MOUNTAIN0001
3672,1562,Norstan Bike Hut,NORSTAN0001
3674,1682,"Premier Sport, Inc.",PREMIER0001
3676,1684,Professional Athletic Consultants,PROFESSI0001
3678,1614,"Reliance Fitness, Inc.",RELIANCE0001
3680,1622,Speed Corporation,SPEEDCO0001
3682,1608,Sport Playground,SPORTPL0001
3684,1590,SUPERSALES INC.,SUPERSAL0001
3686,1498,"Trikes, Inc.",TRIKES0001
3688,1652,Victory Bikes,VICTORY0001
3690,1538,Vista Road Bikes,VISTARO0001
3692,1554,WestAmerica Bicycle Co.,WESTAMER0001
3694,1580,"Litware, Inc.",LITWARE0001
3696,1494,Allenson Cycles,ALLENSON0001
3698,1654,American Bikes,AMERICAN0002
3700,1678,"Proseware, Inc.",PROSE0001
3702,1492,Australia Bike Retailer,AUSTRALI0001
3704,1540,Bergeron Off-Roads,BERGERON0001
3706,1604,Bike Satellite Inc.,BIKESAT0001
3708,1566,Burnett Road Warriors,BURNETT0001
3710,1560,Capital Road Cycles,CAPITAL0001
3712,1696,Chicago City Saddles,CHICAGO0001
3714,1544,Circuit Cycles,CIRCUIT0001
3716,1508,"Compete Enterprises, Inc",COMPETE0001
3718,1624,Competition Bike Training Systems,COMPETIT0001
3720,1598,Continental Pro Cycles,CONTINEN0001
3722,1536,Cruger Bike Company,CRUGERB0001
3724,1648,Wide World Importers,WIDEWOR0001
3726,1672,Expert Bike Co,EXPERTB0001
3728,1522,First National Sport Co.,FIRSTNA0001
3730,1516,Gardner Touring Cycles,GARDNER0001
3732,1626,Hill Bicycle Center,HILLBIC0001
3734,1610,Hybrid Bicycle Center,HYBRIDB0001
3736,1582,Inner City Bikes,INNERCI0001
3738,1526,International Bicycles,INTERNAT0002
3740,1680,Jackson Authority,JACKSON0001
3742,1620,Lakewood Bicycle,LAKEWOOD0001
3744,1592,Lindell,LINDELL0001
3746,1612,"Midwest Sport, Inc.",MIDWEST0001
3748,1500,Morgan Bike Accessories,MORGANB0001
3750,1572,National Bike Association,NATIONAL0001
3752,1662,Northern Bike Travel,NORTHERN0001
3754,1686,Pro Sport Industries,PROSPOR0001
3756,1534,Ready Rentals,READYRE0001
3758,1588,Signature Cycles,SIGNATUR0001
3760,1632,Sport Fan Co.,SPORTFA0001
3762,1576,Superior Bicycles,SUPERIOR0001
3764,1514,Training Systems,TRAINING0001
3766,1674,Varsity Sport Co.,VARSITY0001
3768,1578,"Vision Cycles, Inc.",VISIONC0001
3770,1556,West Junction Cycles,WESTJUN0001
3772,1688,Wood Fitness,WOODFIT0001
3774,1496,Advanced Bicycles,ADVANCED0001
3776,1650,American Bicycles and Wheels,AMERICAN0001
3778,1664,Anderson's Custom Bikes,ANDERSON0001
3780,1616,Aurora Bike Center,AURORAB0001
3782,1602,Beaumont Bikes,BEAUMONT0001
3784,1628,Bicycle Specialists,BICYCLE0001
3786,1690,Bloomington Multisport,BLOOMING0001
3788,1698,Business Equipment Center,BUSINESS0001
3790,1692,Carlson Specialties,CARLSON0001
3792,1504,Chicago Rent-All,CHICAGO0002
3794,1530,Comfort Road Bicycles,COMFORT0001
3796,1694,"Compete, Inc.",COMPETE0002
3798,1548,Consumer Cycles,CONSUMER0001
3800,1658,Crowley Sport,CROWLEY0001
3802,1568,"Custom Frames, Inc.",CUSTOMF0001
3804,1646,Electronic Bike Repair & Supplies,ELECTRON0002
3806,1600,Federal Sport,FEDERAL0001
3808,1570,First Rate Bicycles,FIRSTRA0001
3810,1506,Greenwood Athletic Company,GREENWOO0001
3812,1542,Hill's Bicycle Service,HILLSBI0001
3814,1638,Inline Accessories,INLINEA0001
3816,1510,International,INTERNAT0001
3818,1644,International Sport Assoc.,INTERNAT0003
3820,1584,Trey Research,TREYRE0001
3822,1666,Leaf River Terrain,LEAFRIV0001
3824,1618,Metro Sport Equipment,METROSP0001
3826,1586,Mitchell Sports,MITCHELL0001
3828,1656,Mountain Works,MOUNTAIN0001
3830,1562,Norstan Bike Hut,NORSTAN0001
3832,1682,"Premier Sport, Inc.",PREMIER0001
3834,1684,Professional Athletic Consultants,PROFESSI0001
3836,1614,"Reliance Fitness, Inc.",RELIANCE0001
3838,1622,Speed Corporation,SPEEDCO0001
3840,1608,Sport Playground,SPORTPL0001
3842,1590,SUPERSALES INC.,SUPERSAL0001
3844,1498,"Trikes, Inc.",TRIKES0001
3846,1652,Victory Bikes,VICTORY0001
3848,1538,Vista Road Bikes,VISTARO0001
3850,1554,WestAmerica Bicycle Co.,WESTAMER0001
3852,1580,"Litware, Inc.",LITWARE0001
3854,1494,Allenson Cycles,ALLENSON0001
3856,1654,American Bikes,AMERICAN0002
3858,1678,"Proseware, Inc.",PROSE0001
3860,1492,Australia Bike Retailer,AUSTRALI0001
3862,1540,Bergeron Off-Roads,BERGERON0001
3864,1604,Bike Satellite Inc.,BIKESAT0001
3866,1566,Burnett Road Warriors,BURNETT0001
3868,1560,Capital Road Cycles,CAPITAL0001
3870,1696,Chicago City Saddles,CHICAGO0001
3872,1544,Circuit Cycles,CIRCUIT0001
3874,1508,"Compete Enterprises, Inc",COMPETE0001
3876,1624,Competition Bike Training Systems,COMPETIT0001
3878,1598,Continental Pro Cycles,CONTINEN0001
3880,1536,Cruger Bike Company,CRUGERB0001
3882,1648,Wide World Importers,WIDEWOR0001
3884,1672,Expert Bike Co,EXPERTB0001
3886,1522,First National Sport Co.,FIRSTNA0001
3888,1516,Gardner Touring Cycles,GARDNER0001
3890,1626,Hill Bicycle Center,HILLBIC0001
3892,1610,Hybrid Bicycle Center,HYBRIDB0001
3894,1582,Inner City Bikes,INNERCI0001
3896,1526,International Bicycles,INTERNAT0002
3898,1680,Jackson Authority,JACKSON0001
3900,1620,Lakewood Bicycle,LAKEWOOD0001
3902,1592,Lindell,LINDELL0001
3904,1612,"Midwest Sport, Inc.",MIDWEST0001
3906,1500,Morgan Bike Accessories,MORGANB0001
3908,1572,National Bike Association,NATIONAL0001
3910,1662,Northern Bike Travel,NORTHERN0001
3912,1686,Pro Sport Industries,PROSPOR0001
3914,1534,Ready Rentals,READYRE0001
3916,1588,Signature Cycles,SIGNATUR0001
3918,1632,Sport Fan Co.,SPORTFA0001
3920,1576,Superior Bicycles,SUPERIOR0001
3922,1514,Training Systems,TRAINING0001
3924,1674,Varsity Sport Co.,VARSITY0001
3926,1578,"Vision Cycles, Inc.",VISIONC0001
3928,1556,West Junction Cycles,WESTJUN0001
3930,1688,Wood Fitness,WOODFIT0001
3932,1496,Advanced Bicycles,ADVANCED0001
3934,1650,American Bicycles and Wheels,AMERICAN0001
3936,1664,Anderson's Custom Bikes,ANDERSON0001
3938,1616,Aurora Bike Center,AURORAB0001
3940,1602,Beaumont Bikes,BEAUMONT0001
3942,1628,Bicycle Specialists,BICYCLE0001
3944,1690,Bloomington Multisport,BLOOMING0001
3946,1698,Business Equipment Center,BUSINESS0001
3948,1692,Carlson Specialties,CARLSON0001
3950,1504,Chicago Rent-All,CHICAGO0002
3952,1530,Comfort Road Bicycles,COMFORT0001
3954,1694,"Compete, Inc.",COMPETE0002
3956,1548,Consumer Cycles,CONSUMER0001
3958,1658,Crowley Sport,CROWLEY0001
3960,1568,"Custom Frames, Inc.",CUSTOMF0001
3962,1646,Electronic Bike Repair & Supplies,ELECTRON0002
3964,1600,Federal Sport,FEDERAL0001
3966,1570,First Rate Bicycles,FIRSTRA0001
3968,1506,Greenwood Athletic Company,GREENWOO0001
3970,1542,Hill's Bicycle Service,HILLSBI0001
3972,1638,Inline Accessories,INLINEA0001
3974,1510,International,INTERNAT0001
3976,1644,International Sport Assoc.,INTERNAT0003
3978,1584,Trey Research,TREYRE0001
3980,1666,Leaf River Terrain,LEAFRIV0001
3982,1618,Metro Sport Equipment,METROSP0001
3984,1586,Mitchell Sports,MITCHELL0001
3986,1656,Mountain Works,MOUNTAIN0001
3988,1562,Norstan Bike Hut,NORSTAN0001
3990,1682,"Premier Sport, Inc.",PREMIER0001
3992,1684,Professional Athletic Consultants,PROFESSI0001
3994,1614,"Reliance Fitness, Inc.",RELIANCE0001
3996,1622,Speed Corporation,SPEEDCO0001
3998,1608,Sport Playground,SPORTPL0001
4000,1590,SUPERSALES INC.,SUPERSAL0001
4002,1574,Jeff's Sporting Goods,JEFFSSP0001
4004,1636,Integrated Sport Products,INTEGRAT0001
4006,1518,International Trek Center,INTERNAT0004
4008,1676,Team Athletic Co.,TEAMATH0001
4010,1574,Jeff's Sporting Goods,JEFFSSP0001
4012,1636,Integrated Sport Products,INTEGRAT0001
